ID,Language,PersonNumber,PersonIdCode,LastName,FirstName,GenderAsString,DateOfBirth,MaritalStatusText,NumberOfChildren
3907,DE,3907,2710,Thorens Goumaz,Adèle,f,/Date(61603200000)/,NA,NA
3923,DE,3923,2726,Marra,Ada,f,/Date(100569600000)/,NA,NA
3897,DE,3897,2700,Moser,Tiana Angelina,f,/Date(292204800000)/,NA,NA
3902,DE,3902,2705,Rickli,Natalie,f,/Date(217209600000)/,NA,NA
3904,DE,3904,2707,Schmid-Federer,Barbara,f,/Date(-130723200000)/,NA,NA
3875,DE,3875,2678,Eichenberger-Walther,Corina,f,/Date(-480211200000)/,NA,NA
3876,DE,3876,2679,Estermann,Yvette,f,/Date(-89856000000)/,verheiratet,1
3877,DE,3877,2680,Fiala,Doris,f,/Date(-407808000000)/,NA,NA
3878,DE,3878,2681,Flückiger-Bäni,Sylvia,f,/Date(-554947200000)/,NA,NA
3880,DE,3880,2683,Geissbühler,Andrea Martina,f,/Date(207878400000)/,verheiratet,3
3881,DE,3881,2684,Gilli,Yvonne,f,/Date(-404611200000)/,NA,NA
1346,DE,1346,2660,Moret,Isabelle,f,/Date(31363200000)/,NA,NA
3830,DE,3830,2666,Carobbio Guscetti,Marina,f,/Date(-112233600000)/,NA,NA
3833,DE,3833,2668,Aubert,Josiane,f,/Date(-654393600000)/,NA,NA
1129,DE,1129,2630,Schenker,Silvia,f,/Date(-503539200000)/,NA,NA
1288,DE,1288,2646,Amherd,Viola,f,/Date(-238896000000)/,NA,NA
1293,DE,1293,2650,John-Calame,Francine,f,/Date(-494640000000)/,NA,NA
1295,DE,1295,2652,Graf-Litscher,Edith,f,/Date(-182131200000)/,NA,NA
1337,DE,1337,2657,Glanzmann-Hunkeler,Ida,f,/Date(-355276800000)/,NA,NA
1147,DE,1147,2608,Kiener Nellen,Margret,f,/Date(-527299200000)/,NA,NA
1139,DE,1139,2614,Markwalder,Christa,f,/Date(175651200000)/,NA,NA
1125,DE,1125,2597,Galladé,Chantal,f,/Date(93398400000)/,NA,NA
1156,DE,1156,2601,Heim,Bea,f,/Date(-749088000000)/,NA,NA
1103,DE,1103,2602,Huber,Gabi,f,/Date(-436752000000)/,NA,NA
806,DE,806,2569,Graf,Maya,f,/Date(-247449600000)/,NA,NA
1071,DE,1071,2580,Humbel,Ruth,f,/Date(-392688000000)/,NA,NA
1131,DE,1131,2583,Allemann,Evi,f,/Date(269395200000)/,NA,NA
502,DE,502,2525,Riklin,Kathy,f,/Date(-542678400000)/,NA,NA
522,DE,522,2544,Wyss,Ursula,f,/Date(97977600000)/,NA,NA
472,DE,472,2496,Haller Vannini,Ursula,f,/Date(-667699200000)/,NA,NA
494,DE,494,2516,Meier-Schatz,Lucrezia,f,/Date(-567820800000)/,NA,NA
350,DE,350,2436,Bernasconi,Maria,f,/Date(-451267200000)/,NA,NA
395,DE,395,2448,Fässler-Osterwalder,Hildegard,f,/Date(-584755200000)/,NA,NA
405,DE,405,2455,Fehr,Jacqueline,f,/Date(-207878400000)/,NA,NA
359,DE,359,2422,Teuscher,Franziska,f,/Date(-373075200000)/,NA,NA
354,DE,354,2417,Semadeni,Silva,f,/Date(-564796800000)/,NA,NA
487,DE,487,2129,Leutenegger Oberholzer,Susanne,f,/Date(-688694400000)/,NA,NA
21,DE,21,2017,Blocher,Christoph,m,/Date(-922233600000)/,NA,NA
3912,DE,3912,2715,Wasserfallen,Christian,m,/Date(362707200000)/,NA,NA
3922,DE,3922,2725,Favre,Laurent,m,/Date(87868800000)/,NA,NA
3924,DE,3924,2727,van Singer,Christian,m,/Date(-629510400000)/,NA,NA
3931,DE,3931,2728,Weibel,Thomas,m,/Date(-488160000000)/,NA,NA
3908,DE,3908,2711,von Graffenried,Alec,m,/Date(-232848000000)/,NA,NA
3910,DE,3910,2713,von Siebenthal,Erich,m,/Date(-347328000000)/,NA,NA
3911,DE,3911,2714,Voruz,Eric,m,/Date(-772934400000)/,NA,NA
3895,DE,3895,2698,Lüscher,Christian,m,/Date(-191635200000)/,NA,NA
3896,DE,3896,2699,Malama,Peter,m,/Date(-290476800000)/,NA,NA
3898,DE,3898,2701,Nidegger,Yves,m,/Date(-398476800000)/,NA,NA
3899,DE,3899,2702,Nussbaumer,Eric,m,/Date(-299030400000)/,NA,NA
3901,DE,3901,2704,Reimann,Lukas,m,/Date(401155200000)/,NA,NA
3888,DE,3888,2691,Hiltpold,Hugues,m,/Date(-20822400000)/,NA,NA
3889,DE,3889,2692,Hodgers,Antonio,m,/Date(192499200000)/,NA,NA
3890,DE,3890,2693,Hurter,Thomas,m,/Date(-194659200000)/,NA,NA
3891,DE,3891,2694,Jositsch,Daniel,m,/Date(-150595200000)/,NA,NA
3892,DE,3892,2695,Killer,Hans,m,/Date(-688435200000)/,NA,NA
3879,DE,3879,2682,Français,Olivier,m,/Date(-449798400000)/,NA,NA
3882,DE,3882,2685,Girod,Bastien,m,/Date(346204800000)/,NA,NA
3885,DE,3885,2688,Grin,Jean-Pierre,m,/Date(-719452800000)/,NA,NA
3886,DE,3886,2689,Grunder,Hans,m,/Date(-427680000000)/,NA,NA
3887,DE,3887,2690,Heer,Alfred,m,/Date(-259459200000)/,NA,NA
3865,DE,3865,2669,Steiert,Jean-François,m,/Date(-280800000000)/,NA,NA
3867,DE,3867,2670,Aebi,Andreas,m,/Date(-350265600000)/,verheiratet,3
3871,DE,3871,2674,Bischof,Pirmin,m,/Date(-342489600000)/,NA,NA
3872,DE,3872,2675,Bourgeois,Jacques,m,/Date(-372470400000)/,NA,NA
1345,DE,1345,2661,Müller,Thomas,m,/Date(-539136000000)/,NA,NA
3828,DE,3828,2664,Cassis,Ignazio,m,/Date(-275184000000)/,NA,NA
3829,DE,3829,2665,Tschümperlin,Andy,m,/Date(-246499200000)/,NA,NA
1289,DE,1289,2649,Barthassat,Luc,m,/Date(-294364800000)/,NA,NA
1318,DE,1318,2654,Schelbert,Louis,m,/Date(-541814400000)/,NA,NA
1142,DE,1142,2638,Wobmann,Walter,m,/Date(-382233600000)/,NA,NA
1279,DE,1279,2648,Nordmann,Roger,m,/Date(101692800000)/,NA,NA
1119,DE,1119,2627,Rime,Jean-François,m,/Date(-615772800000)/,NA,NA
1159,DE,1159,2631,Schwander,Pirmin,m,/Date(-252806400000)/,NA,NA
1120,DE,1120,2632,Sommaruga,Carlo,m,/Date(-330912000000)/,NA,4
1123,DE,1123,2634,Veillon,Pierre-François,m,/Date(-620870400000)/,NA,NA
1110,DE,1110,2635,Vischer,Daniel,m,/Date(-629856000000)/,NA,NA
1108,DE,1108,2621,Parmelin,Guy,m,/Date(-320198400000)/,NA,NA
1145,DE,1145,2622,Perrin,Yvan,m,/Date(-96681600000)/,NA,NA
1109,DE,1109,2623,Pfister,Gerhard,m,/Date(-228873600000)/,NA,NA
1112,DE,1112,2615,Müller,Geri,m,/Date(-289699200000)/,NA,NA
1141,DE,1141,2616,Müller,Philipp,m,/Date(-546652800000)/,NA,NA
1137,DE,1137,2617,Müller,Walter,m,/Date(-684374400000)/,NA,NA
1111,DE,1111,2618,Müri,Felix,m,/Date(-376876800000)/,NA,NA
1153,DE,1153,2619,Noser,Ruedi,m,/Date(-275097600000)/,NA,NA
1118,DE,1118,2606,Ineichen,Otto,m,/Date(-901497600000)/,NA,NA
1113,DE,1113,2612,Leutenegger,Filippo,m,/Date(-539654400000)/,NA,NA
1150,DE,1150,2613,Levrat,Christian,m,/Date(16156800000)/,verheiratet,3
1133,DE,1133,2592,Darbellay,Christophe,m,/Date(37152000000)/,NA,NA
1124,DE,1124,2593,de Buman,Dominique,m,/Date(-431654400000)/,NA,NA
1122,DE,1122,2594,Fluri,Kurt,m,/Date(-453513600000)/,NA,NA
1127,DE,1127,2595,Freysinger,Oskar,m,/Date(-301536000000)/,NA,NA
1117,DE,1117,2598,Germanier,Jean-René,m,/Date(-348364800000)/,NA,NA
1126,DE,1126,2605,Hutter,Markus,m,/Date(-405907200000)/,NA,NA
1138,DE,1138,2585,Bäumle,Martin,m,/Date(-176083200000)/,NA,NA
1104,DE,1104,2588,Büchler,Jakob,m,/Date(-555206400000)/,NA,NA
1065,DE,1065,2579,Leuenberger,Ueli,m,/Date(-560736000000)/,NA,NA
1135,DE,1135,2584,Amstutz,Adrian,m,/Date(-507513600000)/,NA,NA
526,DE,526,2547,Zuppiger,Bruno,m,/Date(-563414400000)/,NA,NA
519,DE,519,2541,Walter,Hansjörg,m,/Date(-596592000000)/,NA,NA
520,DE,520,2542,Wandfluh,Hansruedi,m,/Date(-566784000000)/,NA,NA
513,DE,513,2535,Spuhler,Peter,m,/Date(-346464000000)/,NA,NA
514,DE,514,2536,Stahl,Jürg,m,/Date(-61862400000)/,NA,NA
504,DE,504,2527,Rossini,Stéphane,m,/Date(-201916800000)/,NA,NA
542,DE,542,2519,Mörgeli,Christoph,m,/Date(-298598400000)/,NA,NA
498,DE,498,2521,Neirynck,Jacques,m,/Date(-1211068800000)/,NA,NA
490,DE,490,2512,Lustenberger,Ruedi,m,/Date(-623289600000)/,NA,NA
478,DE,478,2502,Joder,Rudolf,m,/Date(-617328000000)/,NA,NA
479,DE,479,2503,Kaufmann,Hans,m,/Date(-680140800000)/,NA,NA
473,DE,473,2497,Hassler,Hansjörg,m,/Date(-513561600000)/,NA,NA
464,DE,464,2488,Fehr,Hans-Jürg,m,/Date(-675388800000)/,NA,NA
453,DE,453,2477,Bugnon,André,m,/Date(-703814400000)/,NA,NA
404,DE,404,2454,Baader,Caspar,m,/Date(-512870400000)/,NA,NA
345,DE,345,2409,Pelli,Fulvio,m,/Date(-597456000000)/,NA,NA
319,DE,319,2383,Fehr,Hans,m,/Date(-724723200000)/,NA,NA
307,DE,307,2372,Brunner,Toni,m,/Date(146448000000)/,ledig,0
224,DE,224,2328,Tschäppät,Alexander,m,/Date(-558921600000)/,NA,NA
214,DE,214,2323,Stamm,Luzi,m,/Date(-546307200000)/,NA,NA
91,DE,91,2292,Giezendanner,Ulrich,m,/Date(-510278400000)/,NA,NA
97,DE,97,2296,Gross,Andreas,m,/Date(-547948800000)/,NA,NA
15,DE,15,2270,Binder,Max,m,/Date(-697420800000)/,NA,NA
26,DE,26,2272,Borer,Roland F.,m,/Date(-597369600000)/,NA,NA
28,DE,28,2274,Bortoluzzi,Toni,m,/Date(-721872000000)/,NA,NA
172,DE,172,2143,Rechsteiner,Paul,m,/Date(-547516800000)/,verheiratet,NA
173,DE,173,2147,Reimann,Maximilian,m,/Date(-872726400000)/,NA,NA
4007,DE,4007,2734,Chopard-Acklin,Max,m,/Date(-105408000000)/,NA,NA
4008,DE,4008,2735,Landolt,Martin,m,/Date(-47520000000)/,NA,NA
4018,DE,4018,2738,Maire,Jacques-André,m,/Date(-397612800000)/,NA,NA
4025,DE,4025,2740,Büchel,Roland Rino,m,/Date(-133574400000)/,NA,1
4030,DE,4030,2743,Birrer-Heimo,Prisca,f,/Date(-344217600000)/,NA,NA
4031,DE,4031,2744,Ingold,Maja,f,/Date(-681955200000)/,NA,NA
4032,DE,4032,2745,Jans,Beat,m,/Date(-172713600000)/,NA,NA
4036,DE,4036,2747,Streiff-Feller,Marianne,f,/Date(-390528000000)/,verheiratet,3
4040,DE,4040,2748,Schneider-Schneiter,Elisabeth,f,/Date(-185155200000)/,NA,NA
4042,DE,4042,2750,Frehner,Sebastian,m,/Date(115776000000)/,NA,NA
4045,DE,4045,2751,Pardini,Corrado,m,/Date(-143164800000)/,NA,NA
4046,DE,4046,2752,Quadri,Lorenzo,m,/Date(152841600000)/,NA,NA
4049,DE,4049,2760,Aebischer,Matthias,m,/Date(-69638400000)/,NA,NA
4053,DE,4053,2758,Aeschi,Thomas,m,/Date(285033600000)/,NA,NA
4107,DE,4107,3014,Amarelle,Cesla,f,/Date(116812800000)/,NA,NA
4090,DE,4090,2796,Amaudruz,Céline,f,/Date(290304000000)/,NA,NA
4058,DE,4058,2762,Badran,Jacqueline,f,/Date(-256780800000)/,NA,NA
4102,DE,4102,3016,Bertschy,Kathrin,f,/Date(299721600000)/,NA,NA
4050,DE,4050,2756,Böhni,Thomas,m,/Date(-158457600000)/,NA,NA
4067,DE,4067,2772,Brand,Heinz,m,/Date(-451958400000)/,NA,NA
4101,DE,4101,3017,Bulliard-Marbach,Christine,f,/Date(-322531200000)/,verheiratet,3
4086,DE,4086,2790,Buttet,Yannick,m,/Date(237513600000)/,NA,NA
4070,DE,4070,2770,Candinas,Martin,m,/Date(335577600000)/,verheiratet,3
4075,DE,4075,2775,Caroni,Andrea,m,/Date(324950400000)/,NA,2
4108,DE,4108,3604,Chevalley,Isabelle,f,/Date(71971200000)/,NA,NA
4051,DE,4051,2757,de Courten,Thomas,m,/Date(-108172800000)/,NA,NA
4079,DE,4079,2788,Derder,Fathi,m,/Date(29116800000)/,NA,NA
4110,DE,4110,3005,Egloff,Hans,m,/Date(-318643200000)/,NA,NA
4056,DE,4056,2767,Fässler,Daniel,m,/Date(-295401600000)/,verheiratet,3
4077,DE,4077,2789,Feller,Olivier,m,/Date(147052800000)/,NA,NA
4069,DE,4069,2777,Feri,Yvonne,f,/Date(-119404800000)/,NA,NA
4089,DE,4089,2794,Fischer,Roland,m,/Date(-149644800000)/,NA,NA
4059,DE,4059,2765,Flach,Beat,m,/Date(-156038400000)/,verheiratet,1
4074,DE,4074,2778,Fridez,Pierre-Alain,m,/Date(-382320000000)/,verheiratet,4
4071,DE,4071,2764,Gasche,Urs,m,/Date(-467078400000)/,NA,NA
4104,DE,4104,3015,Gasser,Josias F.,m,/Date(-540345600000)/,NA,NA
4093,DE,4093,3003,Glättli,Balthasar,m,/Date(66700800000)/,NA,NA
4096,DE,4096,3001,Gmür,Alois,m,/Date(-465436800000)/,verheiratet,5
4116,DE,4116,3023,Gössi,Petra,f,/Date(190252800000)/,NA,NA
4083,DE,4083,2786,Grossen,Jürg,m,/Date(-11232000000)/,NA,NA
4087,DE,4087,2798,Gschwind,Jean-Paul,m,/Date(-541814400000)/,NA,NA
4082,DE,4082,2785,Guhl,Bernhard,m,/Date(76982400000)/,NA,NA
4076,DE,4076,2792,Hadorn,Philipp,m,/Date(-91584000000)/,NA,NA
4061,DE,4061,2763,Hardegger,Thomas,m,/Date(-433900800000)/,NA,NA
4103,DE,4103,3002,Hausammann,Markus,m,/Date(-166665600000)/,NA,NA
4094,DE,4094,2799,Hess,Lorenz,m,/Date(-268617600000)/,NA,NA
4098,DE,4098,3013,Keller,Peter,m,/Date(41126400000)/,NA,NA
4081,DE,4081,2782,Kessler,Margrit,f,/Date(-663292800000)/,NA,NA
4114,DE,4114,3021,Knecht,Hansjörg,m,/Date(-308448000000)/,NA,NA
4099,DE,4099,3011,Lehmann,Markus,m,/Date(-460771200000)/,NA,NA
4118,DE,4118,3024,Lohr,Christian,m,/Date(-244339200000)/,NA,NA
4117,DE,4117,3022,Maier,Thomas,m,/Date(176083200000)/,NA,NA
4097,DE,4097,3012,Müller,Leo,m,/Date(-362793600000)/,verheiratet,3
4063,DE,4063,2771,Müller-Altermatt,Stefan,m,/Date(203817600000)/,verheiratet,4
4106,DE,4106,3018,Naef,Martin,m,/Date(27043200000)/,NA,NA
4073,DE,4073,2773,Pantani,Roberta,f,/Date(-135216000000)/,NA,NA
4084,DE,4084,2784,Pezzatti,Bruno,m,/Date(-594259200000)/,NA,NA
4065,DE,4065,2781,Umbricht Pieren,Nadja,f,/Date(319334400000)/,NA,NA
4109,DE,4109,3009,Piller Carrard,Valérie,f,/Date(274147200000)/,verheiratet,3
4092,DE,4092,2797,Poggia,Mauro,m,/Date(-337305600000)/,NA,NA
4066,DE,4066,2779,Quadranti,Rosmarie,f,/Date(-393120000000)/,NA,NA
4072,DE,4072,2776,Regazzi,Fabio,m,/Date(-237600000000)/,NA,NA
4091,DE,4091,2795,Reynard,Mathias,m,/Date(557971200000)/,NA,NA
4111,DE,4111,3006,Ribaux,Alain,m,/Date(-247795200000)/,NA,NA
4052,DE,4052,2754,Ritter,Markus,m,/Date(-85363200000)/,verheiratet,3
4100,DE,4100,3010,Rösti,Albert,m,/Date(-75859200000)/,verheiratet,2
4048,DE,4048,2755,Rusconi,Pierre,m,/Date(-633657600000)/,NA,NA
4095,DE,4095,3000,Rytz,Regula,f,/Date(-247276800000)/,NA,NA
4060,DE,4060,2766,Schneeberger,Daniela,f,/Date(-72144000000)/,NA,NA
4115,DE,4115,3020,Schwaab,Jean Christophe,m,/Date(304214400000)/,NA,NA
4113,DE,4113,3007,Tornare,Manuel,m,/Date(-590198400000)/,NA,NA
4054,DE,4054,2761,Vitali,Albert,m,/Date(-458179200000)/,NA,NA
4085,DE,4085,2787,Vogler,Karl,m,/Date(-434678400000)/,NA,NA
4057,DE,4057,2759,Wermuth,Cédric,m,/Date(509155200000)/,verheiratet,2
4105,DE,4105,3008,Ziörjen,Lothar,m,/Date(-468720000000)/,NA,NA
4120,DE,4120,3025,Romano,Marco,m,/Date(405388800000)/,verheiratet,1
4122,DE,4122,3027,Schläfli,Urs,m,/Date(-203644800000)/,NA,NA
4121,DE,4121,3026,Gysi,Barbara,f,/Date(-177811200000)/,NA,NA
4123,DE,4123,3028,Schneider Schüttel,Ursula,f,/Date(-255571200000)/,NA,NA
4124,DE,4124,3029,Schilliger,Peter,m,/Date(-334108800000)/,NA,3
4125,DE,4125,3030,Rutz,Gregor,m,/Date(87696000000)/,NA,NA
4126,DE,4126,3031,Stolz,Daniel,m,/Date(-40780800000)/,NA,NA
4129,DE,4129,3033,Herzog,Verena,f,/Date(-438652800000)/,verheiratet,3
4130,DE,4130,3034,Masshardt,Nadine,f,/Date(465696000000)/,NA,NA
4128,DE,4128,3032,Trede,Aline,f,/Date(430704000000)/,NA,NA
4131,DE,4131,3035,Friedl,Claudia,f,/Date(-298339200000)/,NA,NA
3900,DE,3900,2703,Perrinjaquet,Sylvie,f,/Date(-453081600000)/,NA,NA
4135,DE,4135,3037,Clottu,Raymond,m,/Date(-64368000000)/,NA,NA
4134,DE,4134,3036,Munz,Martina,f,/Date(-442368000000)/,NA,NA
4136,DE,4136,3038,Mahrer,Anne,f,/Date(-680832000000)/,NA,NA
4137,DE,4137,3039,Golay,Roger,m,/Date(-324259200000)/,NA,NA
4138,DE,4138,3040,Barazzone,Guillaume,m,/Date(379728000000)/,NA,NA
4140,DE,4140,3042,Merlini,Giovanni,m,/Date(-239846400000)/,NA,NA
820,DE,820,2572,Schibli,Ernst,m,/Date(-548380800000)/,NA,NA
4141,DE,4141,3043,Portmann,Hans-Peter,m,/Date(-216432000000)/,in eingetragener Partnerschaft,NA
4142,DE,4142,3044,Walti,Beat,m,/Date(-34992000000)/,NA,NA
4143,DE,4143,3045,Ruiz,Rebecca Ana,f,/Date(381628800000)/,NA,NA
4144,DE,4144,3046,Matter,Thomas,m,/Date(-119232000000)/,NA,NA
151,DE,151,2311,Miesch,Christian,m,/Date(-689385600000)/,verheiratet,2
4146,DE,4146,3048,Siegenthaler,Heinz,m,/Date(-448934400000)/,NA,NA
4147,DE,4147,3049,Monnard,Pierre-André,m,/Date(-404265600000)/,NA,NA
3884,DE,3884,2687,Graber,Jean-Pierre,m,/Date(-741139200000)/,NA,NA
4148,DE,4148,3050,Winkler,Rudolf,m,/Date(-444960000000)/,NA,NA
4149,DE,4149,3051,Häsler,Christine,f,/Date(-220060800000)/,NA,NA
4172,DE,4172,3092,Salzmann,Werner,m,/Date(-225849600000)/,verheiratet,4
4167,DE,4167,3085,Martullo-Blocher,Magdalena,f,/Date(-12182400000)/,NA,NA
4168,DE,4168,3089,Nicolet,Jacques,m,/Date(-132192000000)/,geschieden,4
4159,DE,4159,3067,Chiesa,Marco,m,/Date(150595200000)/,NA,2
4154,DE,4154,3055,Addor,Jean-Luc,m,/Date(-179712000000)/,verheiratet,2
4157,DE,4157,3063,Bühler,Manfred,m,/Date(292550400000)/,NA,NA
4166,DE,4166,3082,Köppel,Roger,m,/Date(-150940800000)/,verheiratet,4
4169,DE,4169,3090,Page,Pierre-André,m,/Date(-306201600000)/,verheiratet,3
4156,DE,4156,3062,Buffat,Michaël,m,/Date(307238400000)/,NA,NA
4164,DE,4164,3080,Imark,Christian,m,/Date(381110400000)/,verheiratet,2
4170,DE,4170,3091,Ruppen,Franz,m,/Date(36201600000)/,ledig,0
4178,DE,4178,3101,Zanetti,Claudio,m,/Date(-80352000000)/,NA,NA
4158,DE,4158,3064,Burgherr,Thomas,m,/Date(-234144000000)/,NA,NA
4175,DE,4175,3097,Tuena,Mauro,m,/Date(65145600000)/,NA,NA
4161,DE,4161,3074,Glarner,Andreas,m,/Date(-228182400000)/,geschieden,2
4155,DE,4155,3057,Arnold,Beat,m,/Date(262224000000)/,NA,NA
4179,DE,4179,3102,Zuberbühler,David,m,/Date(288316800000)/,verheiratet,2
4165,DE,4165,3081,Keller-Inhelder,Barbara,f,/Date(-42768000000)/,NA,NA
4173,DE,4173,3095,Sollberger,Sandra,f,/Date(120528000000)/,verheiratet,2
4176,DE,4176,3098,Vogt,Hans-Ueli,m,/Date(-2332800000)/,NA,NA
4174,DE,4174,3096,Steinemann,Barbara,f,/Date(203904000000)/,NA,NA
4163,DE,4163,3078,Hess,Erich,m,/Date(354326400000)/,NA,NA
4177,DE,4177,3099,Walliser,Bruno,m,/Date(-117590400000)/,NA,NA
4160,DE,4160,3069,Dettling,Marcel,m,/Date(349833600000)/,NA,NA
4162,DE,4162,3076,Grüter,Franz,m,/Date(-202867200000)/,verheiratet,3
4188,DE,4188,3061,Borloz,Frédéric,m,/Date(-116640000000)/,verheiratet,2
4208,DE,4208,3109,Jauslin,Matthias Samuel,m,/Date(-243043200000)/,verheiratet,3
4187,DE,4187,3059,Bauer,Philippe,m,/Date(-243993600000)/,verheiratet,3
74,DE,74,2287,Eymann,Christoph,m,/Date(-598406400000)/,NA,NA
4194,DE,4194,3100,Wehrli,Laurent,m,/Date(-144460800000)/,verheiratet,5
4202,DE,4202,3103,Sauter,Regine,f,/Date(-117158400000)/,NA,NA
4192,DE,4192,3079,Hess,Hermann,m,/Date(-568944000000)/,NA,NA
4193,DE,4193,3088,Nantermod,Philippe,m,/Date(449193600000)/,NA,NA
4190,DE,4190,3070,Dobler,Marcel,m,/Date(336355200000)/,verheiratet,2
4189,DE,4189,3065,Burkart,Thierry,m,/Date(177811200000)/,NA,NA
4191,DE,4191,3073,Genecand,Benoît,m,/Date(-187056000000)/,NA,NA
4182,DE,4182,3060,Béglé,Claude,m,/Date(-633571200000)/,NA,NA
4183,DE,4183,3083,Marchand-Balet,Géraldine,f,/Date(33004800000)/,NA,NA
3905,DE,3905,2708,Schmidt,Roberto,m,/Date(-235526400000)/,NA,NA
4180,DE,4180,3056,Ammann,Thomas,m,/Date(-172627200000)/,NA,NA
4181,DE,4181,3075,Gmür-Schönenberger,Andrea,f,/Date(-172281600000)/,NA,NA
4200,DE,4200,3066,Campell,Duri,m,/Date(-212803200000)/,NA,NA
4196,DE,4196,3077,Guldimann,Tim,m,/Date(-608601600000)/,NA,NA
4195,DE,4195,3071,Fehlmann Rielle,Laurence,f,/Date(-451526400000)/,verheiratet,NA
4198,DE,4198,3087,Meyer,Mattea,f,/Date(563414400000)/,NA,NA
4197,DE,4197,3084,Marti,Min Li,f,/Date(139276800000)/,NA,NA
4199,DE,4199,3094,Seiler Graf,Priska,f,/Date(-42336000000)/,verheiratet,3
724,DE,724,2023,Brélaz,Daniel,m,/Date(-630892800000)/,NA,NA
4201,DE,4201,3068,de la Reussille,Denis,m,/Date(-289958400000)/,NA,NA
4186,DE,4186,3086,Mazzone,Lisa,f,/Date(570067200000)/,NA,NA
4185,DE,4185,3072,Fricker,Jonas,m,/Date(228528000000)/,NA,NA
4184,DE,4184,3058,Arslan,Sibel,f,/Date(330566400000)/,NA,NA
4203,DE,4203,3104,Barrile,Angelo,m,/Date(209520000000)/,in eingetragener Partnerschaft,NA
4209,DE,4209,3110,Bigler,Hans-Ulrich,m,/Date(-370569600000)/,NA,NA
3883,DE,3883,2686,Glauser-Zufferey,Alice,f,/Date(-479865600000)/,NA,NA
4213,DE,4213,3114,Bendahan,Samuel,m,/Date(329529600000)/,NA,NA
4212,DE,4212,3113,Egger,Thomas,m,/Date(-75168000000)/,NA,NA
4214,DE,4214,3115,Gugger,Niklaus-Samuel,m,/Date(10368000000)/,NA,NA
4215,DE,4215,3116,Brunner,Hansjörg,m,/Date(-98064000000)/,NA,NA
4216,DE,4216,3117,Gutjahr,Diana,f,/Date(442800000000)/,NA,NA
4217,DE,4217,3118,Cattaneo,Rocco,m,/Date(-349401600000)/,NA,NA
4218,DE,4218,3119,Kälin,Irène,f,/Date(539568000000)/,NA,1
4219,DE,4219,3120,Crottaz,Brigitte,f,/Date(-386208000000)/,NA,NA
4220,DE,4220,3121,Roduit,Benjamin,m,/Date(-224380800000)/,verheiratet,4
4221,DE,4221,3122,Töngi,Michael,m,/Date(-88300800000)/,NA,NA
4222,DE,4222,3123,Paganini,Nicolo,m,/Date(-112579200000)/,NA,NA
4223,DE,4223,3124,Molina,Fabian,m,/Date(647395200000)/,NA,NA
4224,DE,4224,3125,Wasserfallen,Flavia,f,/Date(287193600000)/,NA,NA
4226,DE,4226,3127,Wüthrich,Adrian,m,/Date(326505600000)/,NA,NA
4225,DE,4225,3126,Kutter,Philipp,m,/Date(178675200000)/,verheiratet,2
4227,DE,4227,3128,Frei,Daniel,m,/Date(287020800000)/,NA,NA
4228,DE,4228,3129,Marti,Samira,f,/Date(759283200000)/,NA,NA
4229,DE,4229,3130,Egger,Mike,m,/Date(712713600000)/,NA,NA
4230,DE,4230,3131,Bregy,Philipp Matthias,m,/Date(268617600000)/,verheiratet,1
4232,DE,4232,3133,Rochat Fernandez,Nicolas,m,/Date(408240000000)/,NA,NA
4236,DE,4236,3134,Haab,Martin,m,/Date(-241920000000)/,NA,NA
4234,DE,4234,3135,Schläpfer,Therese,f,/Date(-338256000000)/,NA,NA
491,DE,491,2513,Maillard,Pierre-Yves,m,/Date(-56678400000)/,verheiratet,2
3999,DE,3999,2732,Prelicz-Huber,Katharina,f,/Date(-322617600000)/,verheiratet,1
4264,DE,4264,3156,Gallati,Jean-Pierre,m,/Date(-105926400000)/,NA,NA
4250,DE,4250,3142,Bircher,Martina,f,/Date(450662400000)/,ledig,1
4260,DE,4260,3152,Fivaz,Fabien,m,/Date(257212800000)/,NA,NA
4266,DE,4266,3158,Giezendanner,Benjamin,m,/Date(388281600000)/,verheiratet,2
4274,DE,4274,3166,Mäder,Jörg,m,/Date(175046400000)/,ledig,0
4248,DE,4248,3140,Bellaïche,Judith,f,/Date(34300800000)/,NA,NA
4252,DE,4252,3144,Christ,Katja,f,/Date(81475200000)/,verheiratet,2
4255,DE,4255,3147,Dandrès,Christian,m,/Date(350870400000)/,verheiratet,1
4259,DE,4259,3151,Farinelli,Alex,m,/Date(377308800000)/,ledig,0
4262,DE,4262,3154,Funiciello,Tamara,f,/Date(637891200000)/,NA,NA
4265,DE,4265,3157,Giacometti,Anna,f,/Date(-262396800000)/,NA,NA
4267,DE,4267,3159,Gredig,Corina,f,/Date(558057600000)/,NA,NA
4301,DE,4301,3161,Prezioso Batou,Stefania,f,/Date(-29462400000)/,verheiratet,0
4282,DE,4282,3174,Rechsteiner,Thomas,m,/Date(58924800000)/,verheiratet,3
4290,DE,4290,3182,Silberschmidt,Andri,m,/Date(762220800000)/,NA,NA
4292,DE,4292,3184,Stadler,Simon,m,/Date(578534400000)/,NA,NA
4295,DE,4295,3187,Suter,Gabriela,f,/Date(92966400000)/,NA,NA
4297,DE,4297,3189,Walder,Nicolas,m,/Date(-115776000000)/,NA,NA
4245,DE,4245,3137,Andrey,Gerhard,m,/Date(191030400000)/,verheiratet,2
4247,DE,4247,3139,Baumann,Kilian,m,/Date(345600000000)/,NA,3
4263,DE,4263,3155,Gafner,Andreas,m,/Date(39225600000)/,NA,3
4268,DE,4268,3160,Gysin,Greta,f,/Date(434246400000)/,ledig,3
4279,DE,4279,3171,Pointet,François,m,/Date(-16416000000)/,verheiratet,2
4283,DE,4283,3175,Roth,Franziska,f,/Date(-117072000000)/,NA,NA
4298,DE,4298,3190,Weichelt-Picard,Manuela,f,/Date(-77328000000)/,verheiratet,2
4270,DE,4270,3162,Hurni,Baptiste,m,/Date(512956800000)/,NA,NA
4273,DE,4273,3165,Locher Benguerel,Sandra,f,/Date(180057600000)/,verheiratet,NA
4288,DE,4288,3180,Schlatter,Marionna,f,/Date(343008000000)/,verheiratet,2
4251,DE,4251,3143,Brunner,Thomas,m,/Date(-297820800000)/,NA,NA
4253,DE,4253,3145,Clivaz,Christophe,m,/Date(-31017600000)/,NA,NA
4256,DE,4256,3148,de Montmollin,Simone,f,/Date(-45792000000)/,verheiratet,NA
4280,DE,4280,3172,Porchet,Léonore,f,/Date(615945600000)/,NA,NA
4281,DE,4281,3173,Pult,Jon,m,/Date(466387200000)/,NA,NA
4294,DE,4294,3186,Studer,Lilian,f,/Date(251424000000)/,NA,NA
4300,DE,4300,3192,Widmer,Céline,f,/Date(264988800000)/,NA,2
4304,DE,4304,3201,Atici,Mustafa,m,/Date(-7862400000)/,verheiratet,2
4305,DE,4305,3202,Wismer-Felder,Priska,f,/Date(23673600000)/,verheiratet,5
4254,DE,4254,3146,Cottier,Damien,m,/Date(165715200000)/,NA,NA
4261,DE,4261,3153,Friedli,Esther,f,/Date(234230400000)/,ledig,0
4272,DE,4272,3164,Klopfenstein Broggini,Delphine,f,/Date(203126400000)/,NA,NA
4285,DE,4285,3177,Rüegger,Monika,f,/Date(-55900800000)/,NA,4
4286,DE,4286,3178,Ryser,Franziska,f,/Date(688089600000)/,ledig,0
4293,DE,4293,3185,Strupler,Manuel,m,/Date(324345600000)/,NA,NA
4278,DE,4278,3170,Michaud Gigon,Sophie,f,/Date(159408000000)/,NA,NA
4284,DE,4284,3176,Roth Pasquier,Marie-France,f,/Date(-53222400000)/,verheiratet,3
4296,DE,4296,3188,Vincenz-Stauffacher,Susanne,f,/Date(-92966400000)/,NA,NA
4246,DE,4246,3138,Badertscher,Christine,f,/Date(379555200000)/,NA,NA
4271,DE,4271,3163,Kamerzin,Sidney,m,/Date(164419200000)/,NA,2
4277,DE,4277,3169,Mettler,Melanie,f,/Date(249955200000)/,NA,NA
4287,DE,4287,3179,Schaffner,Barbara,f,/Date(-45100800000)/,NA,2
4289,DE,4289,3181,Schneider,Meret,f,/Date(714441600000)/,ledig,0
4299,DE,4299,3191,Wettstein,Felix,m,/Date(-377136000000)/,verheiratet,NA
4249,DE,4249,3141,Binder-Keller,Marianne,f,/Date(-364435200000)/,verheiratet,2
4258,DE,4258,3150,Egger,Kurt,m,/Date(-440294400000)/,verheiratet,0
4308,DE,4308,3204,Pasquier-Eichenberger,Isabelle,f,/Date(101174400000)/,NA,NA
4307,DE,4307,3203,Python,Valentine,f,/Date(172281600000)/,NA,NA
4276,DE,4276,3168,Matter,Michel,m,/Date(-157852800000)/,NA,NA
4257,DE,4257,3149,de Quattro,Jacqueline,f,/Date(-300499200000)/,NA,NA
4310,DE,4310,3206,Guggisberg,Lars,m,/Date(238118400000)/,NA,NA
4275,DE,4275,3167,Maitre,Vincent,m,/Date(348105600000)/,NA,NA
4311,DE,4311,3207,Marchesi,Piero,m,/Date(369705600000)/,verheiratet,0
4312,DE,4312,3208,Storni,Bruno,m,/Date(-485222400000)/,verheiratet,3
4315,DE,4315,3211,Brenzikofer,Florence,f,/Date(166752000000)/,verheiratet,3
4314,DE,4314,3210,Heimgartner,Stefanie,f,/Date(546307200000)/,NA,NA
4313,DE,4313,3209,Riniker,Maja,f,/Date(264729600000)/,verheiratet,3
4317,DE,4317,3213,Huber,Alois,m,/Date(-224467200000)/,verheiratet,5
