ID,RegistrationNumber,BusinessNumber,BusinessShortNumber,BusinessTitle,BusinessAuthor,BillNumber,BillTitle,IdLegislativePeriod,IdSession,SessionName,Subject
23315,19575,20160452,16.452,Ausbau der Wasserkraft zur Stromerzeugung und Stromspeicherung. Anpassung der Umweltverträglichkeitsprüfung,Rösti,1,"Bundesgesetz über die Nutzbarmachung der Wasserkräfte (Wasserrechtsgesetz, WRG)",51,5101,Wintersession 2019,Vote sur l'ensemble
23465,19725,20190041,19.041,Voranschlag 2020 mit integriertem Aufgaben- und Finanzplan 2021-2023,,1,Bundesbeschluss Ia über den Voranschlag für das Jahr 2020,51,5101,Wintersession 2019,Vote sur l'ensemble
23467,19727,20190041,19.041,Voranschlag 2020 mit integriertem Aufgaben- und Finanzplan 2021-2023,,2,Bundesbeschluss Ib über die Planungsgrössen im Voranschlag für das Jahr 2020,51,5101,Wintersession 2019,Vote sur l'ensemble
23469,19729,20190041,19.041,Voranschlag 2020 mit integriertem Aufgaben- und Finanzplan 2021-2023,,4,Bundesbeschluss III über die Entnahmen aus dem Bahninfrastrukturfonds für das Jahr 2020,51,5101,Wintersession 2019,Vote sur l'ensemble
23470,19730,20190041,19.041,Voranschlag 2020 mit integriertem Aufgaben- und Finanzplan 2021-2023,,5,Bundesbeschluss IV über die Entnahmen aus dem Nationalstrassen- und Agglomerationsverkehrsfonds für das Jahr 2020,51,5101,Wintersession 2019,Vote sur l'ensemble
23471,19731,20190042,19.042,Voranschlag 2019. Nachtrag II,,1,Bundesbeschluss I über den Nachtrag II zum Voranschlag 2019,51,5101,Wintersession 2019,Vote sur l'ensemble
23472,19732,20190042,19.042,Voranschlag 2019. Nachtrag II,,2,Bundesbeschluss II über Entnahmen aus dem Bahninfrastrukturfonds für das Jahr 2019,51,5101,Wintersession 2019,Vote sur l'ensemble
23473,19733,20190042,19.042,Voranschlag 2019. Nachtrag II,,3,Bundesbeschluss III über die Entnahmen aus dem Nationalstrassen- und Agglomerationsverkehrsfonds für das Jahr 2019,51,5101,Wintersession 2019,Vote sur l'ensemble
23474,19734,20190042,19.042,Voranschlag 2019. Nachtrag II,,4,Bundesbeschluss IV über den Nachtrag IIa zum Voranschlag 2019,51,5101,Wintersession 2019,Vote sur l'ensemble
23499,19759,20190039,19.039,Beschaffung neuer Kampfflugzeuge. Bundesbeschluss,,1,Bundesbeschluss über die Beschaffung neuer Kampfflugzeuge,51,5101,Wintersession 2019,Vote sur l'ensemble
23508,19768,20160460,16.460,Abschaffung der Überbrückungshilfe für Ratsmitglieder,Rickli Natalie,1,"Bundesgesetz über Bezüge und Infrastruktur der Mitglieder der eidgenössischen Räte und über die Beiträge an die Fraktionen (Parlamentsressourcengesetz, PRG)",51,5101,Wintersession 2019,Vote sur l'ensemble
23511,19771,20160460,16.460,Abschaffung der Überbrückungshilfe für Ratsmitglieder,Rickli Natalie,2,Verordnung der Bundesversammlung zum Parlamentsressourcengesetz (VPRG),51,5101,Wintersession 2019,Vote sur l'ensemble
23526,19786,1,00.000,Ordnungsantrag,NA,NA,NA,51,5101,Wintersession 2019, Motion d'ordre Dettling: répéter le vote final sur 16.452
23543,19803,20190030,19.030,Tierseuchengesetz. Änderung,,1,Tierseuchengesetz (TSG),51,5101,Wintersession 2019,Vote sur l'ensemble
23544,19804,20190047,19.047,Übereinkommen des Europarats gegen den Handel mit menschlichen Organen. Genehmigung und Umsetzung (Änderung des Transplantationsgesetzes und des Humanforschungsgesetzes),,1,Bundesbeschluss über die Genehmigung des Übereinkommens des Europarats gegen den Handel mit menschlichen Organen und über seine Umsetzung (Änderung des Transplantationsgesetzes und des Humanforschungsgesetzes),51,5101,Wintersession 2019,Vote sur l'ensemble
23561,19821,20190023,19.023,Ja zum Verhüllungsverbot. Volksinitiative und indirekter Gegenvorschlag,,2,Bundesgesetz über die Gesichtsverhüllung,51,5101,Wintersession 2019,Vote sur l'ensemble
23563,19823,20190049,19.049,Weiterentwicklung des Schengen/Dublin-Besitzstands. Verpflichtungskredit,,1,Bundesbeschluss über einen Verpflichtungskredit zur Weiterentwicklung des Schengen/Dublin-Besitzstands,51,5101,Wintersession 2019,Vote sur l'ensemble
23579,19839,20190476,19.476,Gewährleistung der Ergänzungsleistungen ehemaliger Verdingkinder und Administrativversorgter,SGK-SR,1,Bundesgesetz über die Aufarbeitung der fürsorgerischen Zwangsmassnahmen und Fremdplatzierungen vor 1981 (AFZFG) (Gewährleistung der Ergänzungsleistungen für Opfer von fürsorgerischen Zwangsmassnahmen und Fremdplatzierungen vor 1981),51,5101,Wintersession 2019,Vote sur l'ensemble
23604,19864,20190401,19.401,"Für eine Stärkung der Pflege, für mehr Patientensicherheit und mehr Pflegequalität",SGK-NR,1,Bundesgesetz über die Förderung der Ausblidung im Bereich der Pflege,51,5101,Wintersession 2019,Vote sur l'ensemble
23612,19872,20190401,19.401,"Für eine Stärkung der Pflege, für mehr Patientensicherheit und mehr Pflegequalität",SGK-NR,2,Bundesbeschluss über Finanzhilfen zur Förderung der Ausbildung im Bereich der Pflege,51,5101,Wintersession 2019,Vote sur l'ensemble
23614,19874,20190401,19.401,"Für eine Stärkung der Pflege, für mehr Patientensicherheit und mehr Pflegequalität",SGK-NR,3,Bundesbeschluss über die Erhöhung der Ausbildungsabschlüsse in Pflege an den kantonalen Fachhochschulen,51,5101,Wintersession 2019,Vote sur l'ensemble
23616,19876,20190401,19.401,"Für eine Stärkung der Pflege, für mehr Patientensicherheit und mehr Pflegequalität",SGK-NR,4,"Bundesbeschluss über Finanzhilfen zur Förderung der Effizienz in der medizinischen Grundversorgung, insbesondere der Interprofessionalität",51,5101,Wintersession 2019,Vote sur l'ensemble
23656,19916,20190020,19.020,Bundesgesetz über den zivilen Ersatzdienst. Änderung,,1,Bundesgesetz über den zivilen Ersatzdienst,51,5101,Wintersession 2019,Vote sur l'ensemble
23678,19938,20180076,18.076,Bundesgesetz über das Internationale Privatrecht. 12. Kapitel: Internationale Schiedsgerichtsbarkeit,,1,Bundesgesetz über das Internationale Privatrecht (IPRG),51,5101,Wintersession 2019,Vote sur l'ensemble
23685,19945,20150451,15.451,Stärkung der Geschäftsprüfungskommissionen,Joder,1,"Bundesgesetz über die Bundesversammlung (Parlamentsgesetz, ParlG) (Stärkung der Oberaufsicht)",51,5101,Wintersession 2019,Vote sur l'ensemble
23688,19948,20160452,16.452,Ausbau der Wasserkraft zur Stromerzeugung und Stromspeicherung. Anpassung der Umweltverträglichkeitsprüfung,Rösti,1,"Bundesgesetz über die Nutzbarmachung der Wasserkräfte (Wasserrechtsgesetz, WRG)",51,5101,Wintersession 2019,Vote final
23689,19949,20170405,17.405,"Verlängerung der Befristung der Steuererleichterungen für Erdgas, Flüssiggas und biogene Treibstoffe",Burkart,1,"Bundesgesetz über die Verlängerung der Befristung der Steuererleichterungen für Erdgas, Flüssiggas und biogene Treibstoffe und über die Änderung des Bundesgesetzes über die Reduktion der CO2-Emissionen",51,5101,Wintersession 2019,Vote final
23690,19950,20180068,18.068,Asylgesetz. Änderung (Rahmenkredit Migration; 2. Schweizer Beitrag an ausgewählte EU-Staaten),,1,Asylgesetz (AsylG),51,5101,Wintersession 2019,Vote final
23691,19951,20180085,18.085,Bevölkerungs- und Zivilschutzgesetz. Totalrevision,,1,"Bundesgesetz über den Bevölkerungsschutz und den Zivilschutz (Bevölkerungs- und Zivilschutzgesetz, BZG)",51,5101,Wintersession 2019,Vote final
23692,19952,20190026,19.026,Für eine massvolle Zuwanderung (Begrenzungsinitiative). Volksinitiative,,1,Bundesbeschluss über die Volksinitiative «Für eine massvolle Zuwanderung (Begrenzungsinitiative)»,51,5101,Wintersession 2019,Vote final
23693,19953,20190027,19.027,Verbesserung der Vereinbarkeit von Erwerbstätigkeit und Angehörigenbetreuung. Bundesgesetz,,1,Bundesgesetz über die Verbesserung der Vereinbarkeit von Erwerbstätigkeit und Angehörigenbetreuung,51,5101,Wintersession 2019,Vote final
23694,19954,20190028,19.028,Internationaler Strafgerichtshof. Änderung des Römer Statuts,,1,Bundesbeschluss über die Genehmigung der Änderungen vom 14. Dezember 2017 des Römer Statuts des Internationalen Strafgerichtshofs,51,5101,Wintersession 2019,Vote final
23695,19955,20190036,19.036,Wirtschaftspartnerschaftsabkommen zwischen den EFTA-Staaten und Indonesien. Genehmigung,,1,Bundesbeschluss über die Genehmigung des umfassenden Wirtschaftspartnerschaftsabkommens zwischen den EFTA-Staaten und Indonesien,51,5101,Wintersession 2019,Vote final
23697,19957,20190039,19.039,Beschaffung neuer Kampfflugzeuge. Bundesbeschluss,,1,Bundesbeschluss über die Beschaffung neuer Kampfflugzeuge,51,5101,Wintersession 2019,Vote final
23698,19958,20190476,19.476,Gewährleistung der Ergänzungsleistungen ehemaliger Verdingkinder und Administrativversorgter,SGK-SR,1,Bundesgesetz über die Aufarbeitung der fürsorgerischen Zwangsmassnahmen und Fremdplatzierungen vor 1981 (AFZFG) (Gewährleistung der Ergänzungsleistungen für Opfer von fürsorgerischen Zwangsmassnahmen und Fremdplatzierungen vor 1981),51,5101,Wintersession 2019,Vote final
23714,19974,20180061,18.061,Doppelbesteuerung. Abkommen zwischen der Schweiz und Saudi-Arabien,,1,Bundesbeschluss über die Genehmigung eines Doppelbesteuerungsabkommens zwischen der Schweiz und Saudi-Arabien,51,5102,Frühjahrssession 2020,Vote sur l'ensemble
23718,19978,20190075,19.075,Bundesgesetz über den internationalen automatischen Informationsaustausch in Steuersachen. Änderung,,1,Bundesgesetz über den internationalen automatischen Informationsaustausch in Steuersachen (AIAG),51,5102,Frühjahrssession 2020,Vote sur l'ensemble
23722,19982,20180061,18.061,Doppelbesteuerung. Abkommen zwischen der Schweiz und Saudi-Arabien,,1,Bundesbeschluss über die Genehmigung eines Doppelbesteuerungsabkommens zwischen der Schweiz und Saudi-Arabien,51,5102,Frühjahrssession 2020,Motion d'ordre Matter Thomas: 18.061 répéter le vote sur l'ensemble 
23723,19983,20180061,18.061,Doppelbesteuerung. Abkommen zwischen der Schweiz und Saudi-Arabien,,1,Bundesbeschluss über die Genehmigung eines Doppelbesteuerungsabkommens zwischen der Schweiz und Saudi-Arabien,51,5102,Frühjahrssession 2020,Vote sur l'ensemble
23739,19999,20180060,18.060,Güterkontrollgesetz. Änderung,,1,"Bundesgesetz über die Kontrolle zivil und militärisch verwendbarer Güter, besonderer militärischer Güter sowie strategischer Güter (Güterkontrollgesetz, GKG)",51,5102,Frühjahrssession 2020,Vote sur l'ensemble
23742,20002,20200008,20.008,Aussenwirtschaftspolitik 2019. Bericht,,1,Bundesbeschluss über die Genehmigung des Landwirtschaftsabkommens zwischen der Schweiz und Israel sowie der Änderung des Protokolls A über landwirtschaftliche Verarbeitungserzeugnisse zum Freihandelsabkommen zwischen den EFTA-Staaten und Israel,51,5102,Frühjahrssession 2020,Vote sur l'ensemble
23744,20004,20200008,20.008,Aussenwirtschaftspolitik 2019. Bericht,,2,Bundesbeschluss über die Genehmigung des Handelsabkommens zwischen der Schweiz und dem Vereinigten Königreich und des Zusatzabkommens über die Einbeziehung Liechtensteins in das Handelsabkommen,51,5102,Frühjahrssession 2020,Vote sur l'ensemble
23746,20006,20200008,20.008,Aussenwirtschaftspolitik 2019. Bericht,,3,Bundesbeschluss über die Genehmigung des Abkommens zwischen der Schweiz und der Türkei im Rahmen des Allgemeinen Präferenzensystems,51,5102,Frühjahrssession 2020,Vote sur l'ensemble
23748,20008,20200008,20.008,Aussenwirtschaftspolitik 2019. Bericht,,4,Bundesbeschluss über die Genehmigung zolltarifarischer Massnahmen,51,5102,Frühjahrssession 2020,Vote sur l'ensemble
23791,20051,20190051,19.051,Überbrückungsleistung für ältere Arbeitslose. Bundesgesetz,,1,Bundesgesetz über Überbrückungsleistungen für ältere Arbeitslose (ÜLG),51,5102,Frühjahrssession 2020,Vote sur l'ensemble
23851,20111,20130426,13.426,Stillschweigende Verlängerung von Dienstleistungsverträgen. Mehr Informationen und Schutz für Konsumentinnen und Konsumenten,Poggia,1,Schweizerisches Obligationenrecht (Stillschweigende Vertragsverlängerungen),51,5102,Frühjahrssession 2020,Vote sur l'ensemble
23881,20141,20190037,19.037,Stop der Hochpreisinsel – für faire Preise. Volksinitiative und indirekter Gegenvorschlag,,2,"Bundesgesetz über Kartelle und andere Wettbewerbsbeschränkungen (Kartellgesetz, KG)",51,5102,Frühjahrssession 2020,Vote sur l'ensemble
23897,20157,20190064,19.064,Zahlungsrahmen für die Förderung des alpenquerenden Schienengüterverkehrs. Änderung,,1,Bundesbeschluss über eine Erhöhung und Laufzeitverlängerung des Zahlungsrahmens für die Förderung des alpenquerenden Schienengüterverkehrs,51,5102,Frühjahrssession 2020,Vote sur l'ensemble
23907,20167,20190052,19.052,Doppelbesteuerung. Abkommen mit Irland,,1,Bundesbeschluss über die Genehmigung eines Protokolls zur Änderung des Doppelbesteuerungsabkommens zwischen der Schweiz und Irland,51,5102,Frühjahrssession 2020,Vote sur l'ensemble
23909,20169,20190053,19.053,Doppelbesteuerung. Abkommen mit Korea,,1,Bundesbeschluss über die Genehmigung eines Protokolls zur Änderung des Doppelbesteuerungsabkommens zwischen der Schweiz und der Republik Korea,51,5102,Frühjahrssession 2020,Vote sur l'ensemble
23911,20171,20190054,19.054,Doppelbesteuerung. Abkommen mit der Ukraine,,1,Bundesbeschluss über die Genehmigung eines Protokolls zur Änderung des Doppelbesteuerungsabkommens zwischen der Schweiz und der Ukraine,51,5102,Frühjahrssession 2020,Vote sur l'ensemble
23913,20173,20190056,19.056,Doppelbesteuerung. Abkommen mit Iran,,1,Bundesbeschluss über die Genehmigung eines Protokolls zur Änderung des Doppelbesteuerungsabkommens zwischen der Schweiz und dem Iran,51,5102,Frühjahrssession 2020,Vote sur l'ensemble
23915,20175,20190059,19.059,Doppelbesteuerung. Abkommen mit den Niederlanden,,1,Bundesbeschluss über die Genehmigung eines Protokolls zur Änderung des Doppelbesteuerungsabkommens zwischen der Schweiz und den Niederlanden,51,5102,Frühjahrssession 2020,Vote sur l'ensemble
23917,20177,20190060,19.060,Doppelbesteuerung. Abkommen mit Schweden,,1,Bundesbeschluss über die Genehmigung eines Protokolls zur Änderung des Doppelbesteuerungsabkommens zwischen der Schweiz und Schweden,51,5102,Frühjahrssession 2020,Vote sur l'ensemble
23920,20180,20190061,19.061,Doppelbesteuerung. Abkommen mit Norwegen,,1,Bundesbeschluss über die Genehmigung eines Protokolls zur Änderung des Doppelbesteuerungsabkommens zwischen der Schweiz und Norwegen,51,5102,Frühjahrssession 2020,Vote sur l'ensemble
23922,20182,20190062,19.062,Doppelbesteuerung. Abkommen mit Neuseeland,,1,Bundesbeschluss über die Genehmigung eines Protokolls zur Änderung des Doppelbesteuerungsabkommens zwischen der Schweiz und Neuseeland,51,5102,Frühjahrssession 2020,Vote sur l'ensemble
23935,20195,20190068,19.068,Schutz des Menschen bei der automatischen Verarbeitung personenbezogener Daten. Übereinkommen,,1,Bundesbeschluss über die Genehmigung des Protokolls vom 10. Oktober 2018 zur Änderung des Übereinkommens zum Schutz des Menschen bei der automatischen Verarbeitung personenbezogener Daten,51,5102,Frühjahrssession 2020,Vote sur l'ensemble
23939,20199,20190471,19.471,Opfer fürsorgerischer Zwangsmassnahmen. Fristverlängerung,Comte,1,Bundesgesetz über die Aufarbeitung der fürsorgerischen Zwangsmassnahmen und Fremdplatzierungen vor 1981 (AFZFG) (Streichung der Frist zur Einreichung der Gesuche um Solidaritätsbeiträge),51,5102,Frühjahrssession 2020,Vote sur l'ensemble
23976,20236,20200409,20.409,Änderungen des Geschäftsreglementes des Nationalrates für die Beratungen ausserhalb des Parlamentsgebäudes,Bü-NR,1,Geschäftsreglement des Nationalrates (GRN) (Änderungen für die Beratungen ausserhalb des Parlamentsgebäudes),51,5103,Ausserordentliche Session Mai 2020,Vote sur l'ensemble
23977,20237,20200409,20.409,Änderungen des Geschäftsreglementes des Nationalrates für die Beratungen ausserhalb des Parlamentsgebäudes,Bü-NR,1,Geschäftsreglement des Nationalrates (GRN) (Änderungen für die Beratungen ausserhalb des Parlamentsgebäudes),51,5103,Ausserordentliche Session Mai 2020,Vote final
23994,20254,20200007,20.007,Voranschlag 2020. Nachtrag I,,1,Bundesbeschluss Ia über den Nachtrag I zum Voranschlag 2020,51,5103,Ausserordentliche Session Mai 2020,Vote sur l'ensemble
24016,20276,20200007,20.007,Voranschlag 2020. Nachtrag I,,NA,NA,51,5103,Ausserordentliche Session Mai 2020,Vote sur l'ensemble
24022,20282,20200007,20.007,Voranschlag 2020. Nachtrag I,,2,Bundesbeschluss II über die Entnahmen aus dem Bahninfrastrukturfonds für das Jahr 2020,51,5103,Ausserordentliche Session Mai 2020,Vote sur l'ensemble
24023,20283,20200007,20.007,Voranschlag 2020. Nachtrag I,,3,Bundesbeschluss III über die Finanzierung der Modernisierung und Digitalisierung der Eidgenössischen Zollverwaltung (Programm DaziT),51,5103,Ausserordentliche Session Mai 2020,Vote sur l'ensemble
24043,20303,20200039,20.039,Dringliche Änderung des Luftfahrtgesetzes angesichts der Covid-19-Krise,,1,"Bundesgesetz über die Luftfahrt (Luftfahrtgesetz, LFG)",51,5103,Ausserordentliche Session Mai 2020,Vote sur l'ensemble
24057,20317,20200035,20.035,Assistenzdienst der Armee zugunsten der zivilen Behörden im Rahmen der Massnahmen zur Bekämpfung der Covid-19-Pandemie,,1,Bundesbeschluss über den Assistenzdienst der Armee zur Unterstützung der zivilen Behörden im Rahmen der Massnahmen zur Bekämpfung der COVID-19-Pandemie,51,5103,Ausserordentliche Session Mai 2020,Vote sur l'ensemble
24076,20336,20200039,20.039,Dringliche Änderung des Luftfahrtgesetzes angesichts der Covid-19-Krise,,1,"Bundesgesetz über die Luftfahrt (Luftfahrtgesetz, LFG)",51,5103,Ausserordentliche Session Mai 2020,Vote final
24113,20373,20190021,19.021,Betäubungsmittelgesetz. Änderung,,1,"Bundesgesetz über die Betäubungsmittel und die psychotropen Stoffe (Betäubungsmittelgesetz, BetmG)",51,5104,Sommersession 2020,Vote sur l'ensemble
24121,20381,20200023,20.023,IWF. Beitritt zu den geänderten Neuen Kreditvereinbarungen,,1,Bundesbeschluss über die Genehmigung des Beitritts der Schweiz zu den geänderten Neuen Kreditvereinbarungen des Internationalen Währungsfonds,51,5104,Sommersession 2020,Vote sur l'ensemble
24141,20401,20190048,19.048,Strafprozessordnung. Änderung,,2,"Schweizerische Strafprozessordnung (Strafprozessordnung, StPO) (Sicherheitshaft im selbstständigen, nachträglichen Verfahren) (Entwurf der RK-N vom 15.05.2020)",51,5104,Sommersession 2020,Vote sur l'ensemble
24143,20403,20190069,19.069,Rechte der Bürgerinnen und Bürger. Abkommen mit dem Vereinigten Königreich von Grossbritannien und Nordirland,,NA,NA,51,5104,Sommersession 2020,Vote sur l'ensemble
24169,20429,20200042,20.042,Voranschlag 2020. Nachtrag II,,NA,NA,51,5104,Sommersession 2020,AF Ia concernant le supplément IIa au budget 2020 - Vote sur l'ensemble
24170,20430,20200042,20.042,Voranschlag 2020. Nachtrag II,,NA,NA,51,5104,Sommersession 2020,AF Ib concernant le cadre financier inscrit au supplément IIa du budget 2020 - Vote sur l'ensemble
24186,20446,20190082,19.082,Schweizer Beteiligung an der KFOR. Verlängerung des Swisscoy-Einsatzes,,1,Bundesbeschluss über die Verlängerung der Schweizer Beteiligung an der multinationalen Kosovo Force (KFOR),51,5104,Sommersession 2020,Vote sur l'ensemble
24196,20456,20170028,17.028,Informationssicherheitsgesetz,,1,"Bundesgesetz über die Informationssicherheit (Informationssicherheitsgesetz, ISG)",51,5104,Sommersession 2020,Vote sur l'ensemble
24211,20471,20200040,20.040,Dringliche Änderung des Epidemiengesetzes angesichts der COVID-19-Krise (Proximity-Tracing-System),,1,"Bundesgesetz über die Bekämpfung übertragbarer Krankheiten des Menschen (Epidemiengesetz, EpG)",51,5104,Sommersession 2020,Vote sur l'ensemble
24337,20597,20170071,17.071,Totalrevision des CO2-Gesetzes nach 2020,,1,Bundesgesetz über die Verminderung von Treibhausgasemissionen (CO2-Gesetz),51,5104,Sommersession 2020,Vote sur l'ensemble
24344,20604,20200029,20.029,Energiestrategie 2050. Forschungsförderungsinstrument SWEET,,1,Bundesbeschluss über einen Verpflichtungskredit für das Forschungsförderungsinstrument SWEET (Swiss Energy Research for the Energy Transition)  für die Jahre 2021‒2032,51,5104,Sommersession 2020,Vote sur l'ensemble
24348,20608,20130468,13.468,Ehe für alle,Fraktion GL,1,Schweizerisches Zivilgesetzbuch (Ehe für alle),51,5104,Sommersession 2020,Vote sur l'ensemble
24356,20616,20190065,19.065,ETH-Gesetz. Änderung,,1,Bundesgesetz über die Eidgenössischen Technischen Hochschulen (ETH-Gesetz),51,5104,Sommersession 2020,Vote sur l'ensemble
24373,20633,20200033,20.033,Strategie der internationalen Zusammenarbeit 2021-2024,,1,Bundesbeschluss über die Finanzierung von Massnahmen zur Förderung des Friedens und der menschlichen Sicherheit in den Jahren 2021–2024,51,5104,Sommersession 2020,Vote sur l'ensemble
24374,20634,20200033,20.033,Strategie der internationalen Zusammenarbeit 2021-2024,,2,Bundesbeschluss über die Finanzierung der Entwicklungszusammenarbeit in den Staaten Osteuropas in den Jahren 2021–2024,51,5104,Sommersession 2020,Vote sur l'ensemble
24376,20636,20200033,20.033,Strategie der internationalen Zusammenarbeit 2021-2024,,3,Bundesbeschluss über die Finanzierung der Entwicklungszusammenarbeit und der humanitären Hilfe in den Jahren 2021–2024,51,5104,Sommersession 2020,Vote sur l'ensemble
24378,20638,20200033,20.033,Strategie der internationalen Zusammenarbeit 2021-2024,,4,Bundesbeschluss über die Finanzierung der wirtschaftlichen Entwicklungszusammenarbeit in den Jahren 2021–2024,51,5104,Sommersession 2020,Vote sur l'ensemble
24399,20659,20180071,18.071,Terrorismus und organisierte Kriminalität. Übereinkommen des Europarates,,1,Bundesbeschluss über die Genehmigung und die Umsetzung des Übereinkommens des Europarats zur Verhütung des Terrorismus mit dem dazugehörigen Zusatzprotokoll sowie über die Verstärkung des strafrechtlichen Instrumentariums gegen Terrorismus und organisierte Kriminalität,51,5104,Sommersession 2020,Vote sur l'ensemble
24407,20667,20190079,19.079,"Programme ""SUPERB"" und ""ERP Systeme V/ar"". Verpflichtungskredite",,1,Bundesbeschluss über die Verpflichtungskredite für die Programme «SUPERB» und «ERP Systeme V/ar» zur Modernisierung von Supportprozessen der Bundesverwaltung beziehungsweise von einsatzrelevanten SAP-Systemen im VBS,51,5104,Sommersession 2020,Vote sur l'ensemble
24411,20671,20190074,19.074,Anpassung des Bundesrechts an Entwicklungen der Technik verteilter elektronischer Register. Bundesgesetz,,1,Bundesgesetz zur Anpassung des Bundesrechts an Entwicklungen der Technik verteilter elektronischer Register,51,5104,Sommersession 2020,Vote sur l'ensemble
24433,20693,20190046,19.046,Bundesgesetz über die Krankenversicherung. Änderung (Massnahmen zur Kostendämpfung - Paket 1),,2,Bundesgesetz über die Krankenversicherung (KVG) (Massnahmen zur Kostendämpfung – Paket 1a) (Entwurf der SGK-N vom 26.05.2020),51,5104,Sommersession 2020,Vote sur l'ensemble
24439,20699,20170412,17.412,Chancengerechtigkeit vor dem Kindergartenalter,Aebischer Matthias,1,"Bundesgesetz über die Förderung der ausserschulischen Arbeit mit Kindern und Jugendlichen (Kinder- und Jugendförderungsgesetz, KJFG)",51,5104,Sommersession 2020,Vote sur l'ensemble
24441,20701,20170412,17.412,Chancengerechtigkeit vor dem Kindergartenalter,Aebischer Matthias,2,Bundesbeschluss über Finanzhilfen für kantonale Programme zur Weiterentwicklung der Politik der frühen Kindheit,51,5104,Sommersession 2020,Vote sur l'ensemble
24467,20727,20190032,19.032,Polizeiliche Massnahmen zur Bekämpfung von Terrorismus. Bundesgesetz,,1,Bundesgesetz über polizeiliche Massnahmen zur Bekämpfung von Terrorismus (PMT),51,5104,Sommersession 2020,Vote sur l'ensemble
24475,20735,20160076,16.076,Bundesgesetz über die steuerliche Behandlung finanzieller Sanktionen,,1,Bundesgesetz über die steuerliche Behandlung finanzieller Sanktionen,51,5104,Sommersession 2020,Vote final
24476,20736,20160077,16.077,OR. Aktienrecht,,1,Obligationenrecht (Aktienrecht),51,5104,Sommersession 2020,Vote final
24477,20737,20160077,16.077,OR. Aktienrecht,,2,Obligationenrecht (Indirekter Gegenentwurf zur Volksinitiative «Für verantwortungsvolle Unternehmen – zum Schutz von Mensch und Umwelt»),51,5104,Sommersession 2020,Vote final
24478,20738,20170022,17.022,IVG. Änderung (Weiterentwicklung der IV),,1,Bundesgesetz über die Invalidenversicherung (IVG) (Weiterentwicklung der IV),51,5104,Sommersession 2020,Vote final
24479,20739,20170043,17.043,Versicherungsvertragsgesetz. Änderung,,1,"Bundesgesetz über den Versicherungsvertrag (Versicherungsvertragsgesetz, VVG)",51,5104,Sommersession 2020,Vote final
24480,20740,20170060,17.060,Für verantwortungsvolle Unternehmen – zum Schutz von Mensch und Umwelt. Volksinitiative,,1,Bundesbeschluss über die Volksinitiative «Für verantwortungsvolle Unternehmen – zum Schutz von Mensch und Umwelt»,51,5104,Sommersession 2020,Vote final
24481,20741,20180047,18.047,KVG. Zulassung von Leistungserbringern,,1,Bundesgesetz über die Krankenversicherung (KVG) (Zulassung von Leistungserbringern),51,5104,Sommersession 2020,Vote final
24482,20742,20180057,18.057,Bundesgesetz über die Enteignung. Änderung,,1,Bundesgesetz über die Enteignung (EntG),51,5104,Sommersession 2020,Vote final
24483,20743,20180060,18.060,Güterkontrollgesetz. Änderung,,1,"Bundesgesetz über die Kontrolle zivil und militärisch verwendbarer Güter, besonderer militärischer Güter sowie strategischer Güter (Güterkontrollgesetz, GKG)",51,5104,Sommersession 2020,Vote final
24484,20744,20180076,18.076,Bundesgesetz über das Internationale Privatrecht. 12. Kapitel: Internationale Schiedsgerichtsbarkeit,,1,Bundesgesetz über das Internationale Privatrecht (IPRG),51,5104,Sommersession 2020,Vote final
24485,20745,20190020,19.020,Bundesgesetz über den zivilen Ersatzdienst. Änderung,,1,Bundesgesetz über den zivilen Ersatzdienst,51,5104,Sommersession 2020,Vote final
24486,20746,20190023,19.023,Ja zum Verhüllungsverbot. Volksinitiative und indirekter Gegenvorschlag,,1,Bundesbeschluss zur Volksinitiative «Ja zum Verhüllungsverbot»,51,5104,Sommersession 2020,Vote final
24487,20747,20190023,19.023,Ja zum Verhüllungsverbot. Volksinitiative und indirekter Gegenvorschlag,,2,Bundesgesetz über die Gesichtsverhüllung,51,5104,Sommersession 2020,Vote final
24488,20748,20190030,19.030,Tierseuchengesetz. Änderung,,1,Tierseuchengesetz (TSG),51,5104,Sommersession 2020,Vote final
24489,20749,20190035,19.035,Arbeitslosenversicherungsgesetz. Änderung,,1,"Bundesgesetz über die obligatorische Arbeitslosenversicherung und die Insolvenzentschädigung (Arbeitslosenversicherungsgesetz, AVIG)",51,5104,Sommersession 2020,Vote final
24490,20750,20190038,19.038,Für ein Verbot der Finanzierung von Kriegsmaterialproduzenten. Volksinitiative,,1,Bundesbeschluss über die Volksinitiative «Für ein Verbot der Finanzierung von Kriegsmaterialproduzenten»,51,5104,Sommersession 2020,Vote final
24491,20751,20190047,19.047,Übereinkommen des Europarats gegen den Handel mit menschlichen Organen. Genehmigung und Umsetzung (Änderung des Transplantationsgesetzes und des Humanforschungsgesetzes),,1,Bundesbeschluss über die Genehmigung des Übereinkommens des Europarats gegen den Handel mit menschlichen Organen und über seine Umsetzung (Änderung des Transplantationsgesetzes und des Humanforschungsgesetzes),51,5104,Sommersession 2020,Vote final
24492,20752,20190051,19.051,Überbrückungsleistung für ältere Arbeitslose. Bundesgesetz,,1,Bundesgesetz über Überbrückungsleistungen für ältere Arbeitslose (ÜLG),51,5104,Sommersession 2020,Vote final
24493,20753,20190052,19.052,Doppelbesteuerung. Abkommen mit Irland,,1,Bundesbeschluss über die Genehmigung eines Protokolls zur Änderung des Doppelbesteuerungsabkommens zwischen der Schweiz und Irland,51,5104,Sommersession 2020,Vote final
24494,20754,20190053,19.053,Doppelbesteuerung. Abkommen mit Korea,,1,Bundesbeschluss über die Genehmigung eines Protokolls zur Änderung des Doppelbesteuerungsabkommens zwischen der Schweiz und der Republik Korea,51,5104,Sommersession 2020,Vote final
24495,20755,20190054,19.054,Doppelbesteuerung. Abkommen mit der Ukraine,,1,Bundesbeschluss über die Genehmigung eines Protokolls zur Änderung des Doppelbesteuerungsabkommens zwischen der Schweiz und der Ukraine,51,5104,Sommersession 2020,Vote final
24496,20756,20190056,19.056,Doppelbesteuerung. Abkommen mit Iran,,1,Bundesbeschluss über die Genehmigung eines Protokolls zur Änderung des Doppelbesteuerungsabkommens zwischen der Schweiz und dem Iran,51,5104,Sommersession 2020,Vote final
24497,20757,20190059,19.059,Doppelbesteuerung. Abkommen mit den Niederlanden,,1,Bundesbeschluss über die Genehmigung eines Protokolls zur Änderung des Doppelbesteuerungsabkommens zwischen der Schweiz und den Niederlanden,51,5104,Sommersession 2020,Vote final
24498,20758,20190060,19.060,Doppelbesteuerung. Abkommen mit Schweden,,1,Bundesbeschluss über die Genehmigung eines Protokolls zur Änderung des Doppelbesteuerungsabkommens zwischen der Schweiz und Schweden,51,5104,Sommersession 2020,Vote final
24499,20759,20190061,19.061,Doppelbesteuerung. Abkommen mit Norwegen,,1,Bundesbeschluss über die Genehmigung eines Protokolls zur Änderung des Doppelbesteuerungsabkommens zwischen der Schweiz und Norwegen,51,5104,Sommersession 2020,Vote final
24500,20760,20190062,19.062,Doppelbesteuerung. Abkommen mit Neuseeland,,1,Bundesbeschluss über die Genehmigung eines Protokolls zur Änderung des Doppelbesteuerungsabkommens zwischen der Schweiz und Neuseeland,51,5104,Sommersession 2020,Vote final
24501,20761,20190068,19.068,Schutz des Menschen bei der automatischen Verarbeitung personenbezogener Daten. Übereinkommen,,1,Bundesbeschluss über die Genehmigung des Protokolls vom 10. Oktober 2018 zur Änderung des Übereinkommens zum Schutz des Menschen bei der automatischen Verarbeitung personenbezogener Daten,51,5104,Sommersession 2020,Vote final
24502,20762,20190075,19.075,Bundesgesetz über den internationalen automatischen Informationsaustausch in Steuersachen. Änderung,,1,Bundesgesetz über den internationalen automatischen Informationsaustausch in Steuersachen (AIAG),51,5104,Sommersession 2020,Vote final
24503,20763,20190471,19.471,Opfer fürsorgerischer Zwangsmassnahmen. Fristverlängerung,Comte,1,Bundesgesetz über die Aufarbeitung der fürsorgerischen Zwangsmassnahmen und Fremdplatzierungen vor 1981 (AFZFG) (Streichung der Frist zur Einreichung der Gesuche um Solidaritätsbeiträge),51,5104,Sommersession 2020,Vote final
24504,20764,20200008,20.008,Aussenwirtschaftspolitik 2019. Bericht,,1,Bundesbeschluss über die Genehmigung des Landwirtschaftsabkommens zwischen der Schweiz und Israel sowie der Änderung des Protokolls A über landwirtschaftliche Verarbeitungserzeugnisse zum Freihandelsabkommen zwischen den EFTA-Staaten und Israel,51,5104,Sommersession 2020,Vote final
24505,20765,20200008,20.008,Aussenwirtschaftspolitik 2019. Bericht,,2,Bundesbeschluss über die Genehmigung des Handelsabkommens zwischen der Schweiz und dem Vereinigten Königreich und des Zusatzabkommens über die Einbeziehung Liechtensteins in das Handelsabkommen,51,5104,Sommersession 2020,Vote final
24506,20766,20200008,20.008,Aussenwirtschaftspolitik 2019. Bericht,,3,Bundesbeschluss über die Genehmigung des Abkommens zwischen der Schweiz und der Türkei im Rahmen des Allgemeinen Präferenzensystems,51,5104,Sommersession 2020,Vote final
24507,20767,20200040,20.040,Dringliche Änderung des Epidemiengesetzes angesichts der COVID-19-Krise (Proximity-Tracing-System),,1,"Bundesgesetz über die Bekämpfung übertragbarer Krankheiten des Menschen (Epidemiengesetz, EpG)",51,5104,Sommersession 2020,Vote final
24521,20781,20200057,20.057,AVIG. Zusatzfinanzierung der Arbeitslosenversicherung,,1,"Bundesgesetz über die obligatorische Arbeitslosenversicherung und die Insolvenzentschädigung (Arbeitslosenversicherungsgesetz, AVIG) (Zusatzfinanzierung Arbeitslosenversicherung)",51,5105,Herbstsession 2020,Vote sur l'ensemble
24537,20797,20200030,20.030,Förderung der Kultur in den Jahren 2021-2024,,1,"Bundesgesetz über die Kulturförderung (Kulturförderungsgesetz, KFG)",51,5105,Herbstsession 2020,Vote sur l'ensemble
24556,20816,20200030,20.030,Förderung der Kultur in den Jahren 2021-2024,,2,"Bundesgesetz über Filmproduktion und Filmkultur (Filmgesetz, FiG)",51,5105,Herbstsession 2020,Vote sur l'ensemble
24559,20819,20200030,20.030,Förderung der Kultur in den Jahren 2021-2024,,3,"Bundesgesetz über den internationalen Kulturgütertransfer (Kulturgütertransfergesetz, KGTG)",51,5105,Herbstsession 2020,Vote sur l'ensemble
24560,20820,20200030,20.030,Förderung der Kultur in den Jahren 2021-2024,,4,"Bundesgesetz über die Schweizerische Nationalbibliothek (Nationalbibliotheksgesetz, NBibG)",51,5105,Herbstsession 2020,Vote sur l'ensemble
24561,20821,20200030,20.030,Förderung der Kultur in den Jahren 2021-2024,,5,"Bundesgesetz über die Landessprachen und die Verständigung zwischen den Sprachgemeinschaften (Sprachengesetz, SpG)",51,5105,Herbstsession 2020,Vote sur l'ensemble
24570,20830,20200030,20.030,Förderung der Kultur in den Jahren 2021-2024,,6,Bundesbeschluss über einen Zahlungsrahmen für Finanzhilfen des Bundesamtes für Kultur gestützt auf das Kulturförderungsgesetz in den Jahren 2021–2024,51,5105,Herbstsession 2020,Vote sur l'ensemble
24573,20833,20200030,20.030,Förderung der Kultur in den Jahren 2021-2024,,7,Bundesbeschluss über einen Zahlungsrahmen im Bereich Film in den Jahren 2021–2024,51,5105,Herbstsession 2020,Vote sur l'ensemble
24575,20835,20200030,20.030,Förderung der Kultur in den Jahren 2021-2024,,8,Bundesbeschluss über einen Zahlungsrahmen im Bereich Kulturgütertransfer in den Jahren 2021–2024,51,5105,Herbstsession 2020,Vote sur l'ensemble
24578,20838,20200030,20.030,Förderung der Kultur in den Jahren 2021-2024,,9,Bundesbeschluss über einen Rahmenkredit im Bereich Baukultur in den Jahren 2021–2024,51,5105,Herbstsession 2020,Vote sur l'ensemble
24582,20842,20200030,20.030,Förderung der Kultur in den Jahren 2021-2024,,10,Bundesbeschluss über einen Zahlungsrahmen im Bereich Sprachen und Verständigung in den Jahren 2021–2024,51,5105,Herbstsession 2020,Vote sur l'ensemble
24584,20844,20200030,20.030,Förderung der Kultur in den Jahren 2021-2024,,11,Bundesbeschluss über einen Zahlungsrahmen im Bereich Schweizerschulen im Ausland in den Jahren 2021–2024,51,5105,Herbstsession 2020,Vote sur l'ensemble
24589,20849,20200030,20.030,Förderung der Kultur in den Jahren 2021-2024,,12,Bundesbeschluss über einen Zahlungsrahmen für Pro Helvetia in den Jahren 2021–2024,51,5105,Herbstsession 2020,Vote sur l'ensemble
24591,20851,20200030,20.030,Förderung der Kultur in den Jahren 2021-2024,,13,Bundesbeschluss über einen Zahlungsrahmen für das Schweizerische Nationalmuseum in den Jahren 2021–2024,51,5105,Herbstsession 2020,Vote sur l'ensemble
24610,20870,20200028,20.028,"Förderung von Bildung, Forschung und Innovation in den Jahren 2021-2024",,1,Bundesbeschluss über die Finanzierung der Berufsbildung in den Jahren 2021–2024,51,5105,Herbstsession 2020,Vote sur l'ensemble
24616,20876,20200028,20.028,"Förderung von Bildung, Forschung und Innovation in den Jahren 2021-2024",,2,Bundesbeschluss über die Finanzierung der Weiterbildung in den Jahren 2021–2024,51,5105,Herbstsession 2020,Vote sur l'ensemble
24620,20880,20200028,20.028,"Förderung von Bildung, Forschung und Innovation in den Jahren 2021-2024",,3,Bundesbeschluss über die Finanzierung von Beiträgen an die Kantone für Ausbildungsbeiträge in den Jahren 2021–2024,51,5105,Herbstsession 2020,Vote sur l'ensemble
24624,20884,20200028,20.028,"Förderung von Bildung, Forschung und Innovation in den Jahren 2021-2024",,4,Bundesbeschluss über den Zahlungsrahmen für den ETH-Bereich in den Jahren 2021–2024,51,5105,Herbstsession 2020,Vote sur l'ensemble
24664,20924,20200042,20.042,Voranschlag 2020. Nachtrag II,,3,Bundesbeschluss IIa über den Nachtrag IIb zum Voranschlag 2020,51,5105,Herbstsession 2020,Vote sur l'ensemble
24671,20931,20200042,20.042,Voranschlag 2020. Nachtrag II,,2,Bundesbeschluss Ib über die Planungsgrössen im Nachtrag IIa zum Voranschlag 2020 (Entwurf der FK-N vom 28.05.2020),51,5105,Herbstsession 2020,Vote sur l'ensemble
24728,20988,20200058,20.058,Bundesgesetz über die gesetzlichen Grundlagen für Verordnungen des Bundesrates zur Bewältigung der Covid 19-Epidemie (Covid-19-Gesetz),,1,Bundesgesetz über die gesetzlichen Grundlagen für Verordnungen des Bundesrates zur Bewältigung der Covid-19-Epidemie (Covid-19-Gesetz),51,5105,Herbstsession 2020,Vote sur l'ensemble
24756,21016,20200055,20.055,Dringliches Bundesgesetz über die Unterstützung des öffentlichen Verkehrs in der Covid-19-Krise,,1,Bundesgesetz über die Unterstützung des öffentlichen Verkehrs in der Covid-19-Krise,51,5105,Herbstsession 2020,Vote sur l'ensemble
24761,21021,20190077,19.077,Pauschale Vergütung der Mehrwertsteuer auf den Empfangsgebühren für Radio und Fernsehen. Bundesgesetz,,1,Bundesgesetz über die pauschale Vergütung der Mehrwertsteuer auf den Empfangsgebühren für Radio und Fernsehen,51,5105,Herbstsession 2020,Vote sur l'ensemble
24891,21151,20180092,18.092,Erwerbsersatzgesetz. Mutterschaftsentschädigung bei längerem Spitalaufenthalt des Neugeborenen,,1,"Bundesgesetz über den Erwerbsersatz für Dienstleistende und bei Mutterschaft (Erwerbsersatzgesetz, EOG)",51,5105,Herbstsession 2020,Vote sur l'ensemble
24892,21152,20200056,20.056,BVG. Anlage von Geldern aus dem Freizügigkeitsbereich der Auffangeinrichtung bei der Bundestresorerie,,1,"Bundesgesetz über die berufliche Alters-, Hinterlassenen- und Invalidenvorsorge (BVG)",51,5105,Herbstsession 2020,Vote sur l'ensemble
24917,21177,20190045,19.045,Nationalstrassenabgabegesetz. Änderung,,1,"Bundesgesetz über die Abgabe für die Benützung von Nationalstrassen (Nationalstrassenabgabegesetz, NSAG)",51,5105,Herbstsession 2020,Vote sur l'ensemble
24919,21179,20200028,20.028,"Förderung von Bildung, Forschung und Innovation in den Jahren 2021-2024",,12,"Bundesgesetz über die Förderung der Hochschulen und die Koordination im schweizerischen Hochschulbereich (Hochschulförderungs- und -koordinationsgesetz, HFKG)",51,5105,Herbstsession 2020,Vote sur l'ensemble
24921,21181,20200028,20.028,"Förderung von Bildung, Forschung und Innovation in den Jahren 2021-2024",,13,Bundesgesetz über die Förderung der Forschung und der Innovation (FIFG),51,5105,Herbstsession 2020,Vote sur l'ensemble
24922,21182,20200028,20.028,"Förderung von Bildung, Forschung und Innovation in den Jahren 2021-2024",,14,Bundesgesetz über die Meldepflicht und die Nachprüfung der Berufsqualifikationen von Dienstleistungserbringerinnen und -erbringern in reglementierten Berufen (BGMD),51,5105,Herbstsession 2020,Vote sur l'ensemble
24931,21191,20200028,20.028,"Förderung von Bildung, Forschung und Innovation in den Jahren 2021-2024",,5,Bundesbeschluss über die Kredite nach dem Hochschulförderungs- und -koordinationsgesetz in den Jahren 2021–2024,51,5105,Herbstsession 2020,Vote sur l'ensemble
24940,21200,20200028,20.028,"Förderung von Bildung, Forschung und Innovation in den Jahren 2021-2024",,6,Bundesbeschluss über die Kredite für die internationale Zusammenarbeit in der Bildung und für Stipendien an ausländische Studierende und Kunstschaffende in den Jahren 2021–2024,51,5105,Herbstsession 2020,Vote sur l'ensemble
24945,21205,20200028,20.028,"Förderung von Bildung, Forschung und Innovation in den Jahren 2021-2024",,7,Bundesbeschluss über die Kredite für die Institutionen der Forschungsförderung in den Jahren 2021–2024,51,5105,Herbstsession 2020,Vote sur l'ensemble
24950,21210,20200028,20.028,"Förderung von Bildung, Forschung und Innovation in den Jahren 2021-2024",,8,Bundesbeschluss über die Finanzierung der Tätigkeiten der Innosuisse in den Jahren 2021–2024,51,5105,Herbstsession 2020,Vote sur l'ensemble
24952,21212,20200028,20.028,"Förderung von Bildung, Forschung und Innovation in den Jahren 2021-2024",,9,"Bundesbeschluss über die Finanzierung des Betriebsaufwands der Stiftung ""Switzerland Innovation"" in den Jahren 2021–2024",51,5105,Herbstsession 2020,Vote sur l'ensemble
24957,21217,20200028,20.028,"Förderung von Bildung, Forschung und Innovation in den Jahren 2021-2024",,10,Bundesbeschluss über die Kredite für Forschungseinrichtungen von nationaler Bedeutung in den Jahren 2021–2024,51,5105,Herbstsession 2020,Vote sur l'ensemble
24968,21228,20200028,20.028,"Förderung von Bildung, Forschung und Innovation in den Jahren 2021-2024",,11,Bundesbeschluss über die Kredite für die internationale Zusammenarbeit in Forschung und Innovation in den Jahren 2021–2024,51,5105,Herbstsession 2020,Vote sur l'ensemble
24973,21233,20190070,19.070,EHB-Gesetz,,1,Bundesgesetz über die Eidgenössische Hochschule für Berufsbildung (EHB-Gesetz),51,5105,Herbstsession 2020,Vote sur l'ensemble
24982,21242,20190072,19.072,Internationale Zusammenarbeit und Mobilität in der Bildung. Bundesgesetz. Totalrevision,,1,Bundesgesetz über die internationale Zusammenarbeit und Mobilität in der Bildung (BIZMB),51,5105,Herbstsession 2020,Vote sur l'ensemble
24993,21253,20200024,20.024,Weltbankgruppe und Afrikanische Entwicklungsbank. Kapitalerhöhung,,1,Bundesbeschluss über die Beteiligung der Schweiz an den Kapitalerhöhungen der Weltbankgruppe,51,5105,Herbstsession 2020,Vote sur l'ensemble
24996,21256,20200024,20.024,Weltbankgruppe und Afrikanische Entwicklungsbank. Kapitalerhöhung,,2,Bundesbeschluss über die Beteiligung der Schweiz an der Kapitalerhöhung der Afrikanischen Entwicklungsbank,51,5105,Herbstsession 2020,Vote sur l'ensemble
24997,21257,20200024,20.024,Weltbankgruppe und Afrikanische Entwicklungsbank. Kapitalerhöhung,,3,Bundesbeschluss über die Genehmigung der Änderung des Abkommens über die Internationale Finanz-Corporation,51,5105,Herbstsession 2020,Vote sur l'ensemble
25035,21295,20190400,19.400,Mehr Transparenz bei der Politikfinanzierung,SPK-SR,1,Bundesgesetz über die politischen Rechte (BPR) (Transparenz bei der Politikfinanzierung),51,5105,Herbstsession 2020,Vote sur l'ensemble
25041,21301,20200025,20.025,Weiterentwicklung des Schengen-Besitzstands. Schengener Informationssystem (SIS),,1,Bundesgesetz über das Informationssystem für den Ausländer- und den Asylbereich (BGIAA),51,5105,Herbstsession 2020,Vote sur l'ensemble
25050,21310,20200025,20.025,Weiterentwicklung des Schengen-Besitzstands. Schengener Informationssystem (SIS),,2,"Bundesbeschluss über die Genehmigung und die Umsetzung der Notenaustausche zwischen der Schweiz und der EU betreffend die Übernahme der Rechtsgrundlagen über die Einrichtung, den Betrieb und die Nutzung des Schengener Informationssystems (SIS) (Weiterentwicklungen des Schengen-Besitzstands)",51,5105,Herbstsession 2020,Vote sur l'ensemble
25056,21316,20200027,20.027,Weiterentwicklung des Schengen-Besitzstands. Europäisches Reiseinformations- und -genehmigungssystem (ETIAS),,1,Bundesbeschluss über die Genehmigung und die Umsetzung des Notenaustauschs zwischen der Schweiz und der EU betreffend die Übernahme der Verordnung (EU) 2018/1240 über das Europäische Reiseinformations- und  -genehmigungssystem (ETIAS) (Weiterentwicklung des Schengen-Besitzstands),51,5105,Herbstsession 2020,Vote sur l'ensemble
25058,21318,20200027,20.027,Weiterentwicklung des Schengen-Besitzstands. Europäisches Reiseinformations- und -genehmigungssystem (ETIAS),,2,"Bundesgesetz über die Ausländerinnen und Ausländer und über die Integration (Ausländer- und Integrationsgesetz, AIG) (Unterstellung des Nachrichtendienstes des Bundes unter das Schengen-Datenschutzgesetz)",51,5105,Herbstsession 2020,Vote sur l'ensemble
25094,21354,20200044,20.044,"Bahninfrastruktur, Systemaufgaben in diesem Bereich und Investitionsbeiträge an private Güterverkehrsanlagen in den Jahren 2021-2024. Finanzierung",,1,Bundesbeschluss über den Zahlungsrahmen für die Finanzierung des Betriebs und Substanzerhalts der Bahninfrastruktur und der Systemaufgaben in diesem Bereich in den Jahren 2021-2024,51,5105,Herbstsession 2020,Vote sur l'ensemble
25097,21357,20200044,20.044,"Bahninfrastruktur, Systemaufgaben in diesem Bereich und Investitionsbeiträge an private Güterverkehrsanlagen in den Jahren 2021-2024. Finanzierung",,2,Bundesbeschluss über den Rahmenkredit für Investitionsbeiträge an private Güterverkehrsanlagen in den Jahren 2021–2024,51,5105,Herbstsession 2020,Vote sur l'ensemble
25099,21359,20200054,20.054,Luftfahrtgesetz. Änderung,,1,Bundesbeschluss über die Genehmigung und die Umsetzung des Protokolls zur Änderung des Abkommens über strafbare und bestimmte andere an Bord von Luftfahrzeugen begangene Handlungen (Abkommen von Tokio) (Änderung des Luftfahrtgesetzes),51,5105,Herbstsession 2020,Vote sur l'ensemble
25102,21362,20200043,20.043,Garantieverpflichtung gegenüber der Schweizerischen Nationalbank für ein Darlehen an den Treuhandfonds für Armutsbekämpfung und Wachstum des IWF,,1,Bundesbeschluss über die Garantieverpflichtung gegenüber der Schweizerischen Nationalbank für ein Darlehen an den Treuhandfonds des Internationalen Währungsfonds für Armutsbekämpfung und Wachstum,51,5105,Herbstsession 2020,Vote sur l'ensemble
25110,21370,20200051,20.051,Elektronische Verfahren im Steuerbereich. Bundesgesetz,,1,Bundesgesetz über elektronische Verfahren im Steuerbereich,51,5105,Herbstsession 2020,Vote sur l'ensemble
25116,21376,20200005,20.005,Bearbeitung von Personendaten durch das EDA. Bundesgesetz,,1,Bundesgesetz über die Bearbeitung von Personendaten durch das Eidgenössische Departement für auswärtige Angelegenheiten,51,5105,Herbstsession 2020,Vote sur l'ensemble
25119,21379,20200037,20.037,FIPOI. Finanzhilfen an die ITU in Genf,,1,Bundesbeschluss über die Gewährung eines Darlehens an die Immobilienstiftung für die internationalen Organisationen zur Finanzierung des Abbruchs und des Neubaus des Sitzgebäudes der Internationalen Fernmeldeunion in Genf,51,5105,Herbstsession 2020,Vote sur l'ensemble
25134,21394,20180069,18.069,ZGB. Änderung (Erbrecht),,1,Schweizerisches Zivilgesetzbuch (Erbrecht),51,5105,Herbstsession 2020,Vote sur l'ensemble
25140,21400,20190067,19.067,Vorläuferstoffgesetz,,1,"Bundesgesetz über Vorläuferstoffe für explosionsfähige Stoffe (Vorläuferstoffgesetz, VSG)",51,5105,Herbstsession 2020,Vote sur l'ensemble
25147,21407,20190063,19.063,Rechtshilfegesetz. Änderung von Artikel 1,,1,"Bundesgesetz über internationale Rechtshilfe in Strafsachen (Rechtshilfegesetz, IRSG)",51,5105,Herbstsession 2020,Vote sur l'ensemble
25175,21435,20130478,13.478,Einführung einer Adoptionsentschädigung,Romano,1,"Bundesgesetz über den Erwerbsersatz für Dienstleistende und bei Mutterschaft (Erwerbsersatzgesetz, EOG)",51,5105,Herbstsession 2020,Vote sur l'ensemblen matière
25180,21440,20160411,16.411,Für den Persönlichkeitsschutz auch in der Aufsicht über die Krankenversicherung,Eder,1,Bundesgesetz über die Datenweitergabe der Versicherer in der obligatorischen Krankenpflegeversicherung,51,5105,Herbstsession 2020,Vote sur l'ensemble
25185,21445,20200046,20.046,KVG. Vergütung des Pflegematerials,,1,Bundesgesetz über die Krankenversicherung (KVG) (Vergütung des Pflegematerials),51,5105,Herbstsession 2020,Vote sur l'ensemble
25199,21459,20200031,20.031,Armeebotschaft 2020,,1,Bundesbeschluss über den Zahlungsrahmen der Armee 2021–2024,51,5105,Herbstsession 2020,Gesamtabstimmung zur Vorlage 1
25205,21465,20200031,20.031,Armeebotschaft 2020,,2,Bundesbeschluss über das Rüstungsprogramm 2020,51,5105,Herbstsession 2020,Gesamtabstimmung zur Vorlage 2
25212,21472,20200031,20.031,Armeebotschaft 2020,,3,Bundesbeschluss über die Beschaffung von Armeematerial 2020,51,5105,Herbstsession 2020,Gesamtabstimmung zur Vorlage 3
25213,21473,20200031,20.031,Armeebotschaft 2020,,4,Bundesbeschluss über die Ausserdienststellung des Fliegerabwehrsystems Rapier,51,5105,Herbstsession 2020,Gesamtabstimmung zur Vorlage 4
25217,21477,20200031,20.031,Armeebotschaft 2020,,5,Bundesbeschluss über das Immobilienprogramm VBS 2020,51,5105,Herbstsession 2020,Gesamtabstimmung zur Vorlage 5
25231,21491,20190081,19.081,ZGB. Änderung des Geschlechts im Personenstandsregister,,1,Schweizerisches Zivilgesetzbuch (Änderung des Geschlechts im Personenstandsregister),51,5105,Herbstsession 2020,Vote sur l'ensemble
25260,21520,20170059,17.059,Datenschutzgesetz. Totalrevision und Änderung weiterer Erlasse zum Datenschutz,,3,"Bundesgesetz über den Datenschutz (Datenschutzgesetz, DSG) (Entwurf der Staatspolitischen Kommission des Nationalrates vom 16.08.2019)",51,5105,Herbstsession 2020,Vote final
25261,21521,20170071,17.071,Totalrevision des CO2-Gesetzes nach 2020,,1,Bundesgesetz über die Verminderung von Treibhausgasemissionen (CO2-Gesetz),51,5105,Herbstsession 2020,Vote final
25262,21522,20180061,18.061,Doppelbesteuerung. Abkommen zwischen der Schweiz und Saudi-Arabien,,1,Bundesbeschluss über die Genehmigung eines Doppelbesteuerungsabkommens zwischen der Schweiz und Saudi-Arabien,51,5105,Herbstsession 2020,Vote final
25263,21523,20180071,18.071,Terrorismus und organisierte Kriminalität. Übereinkommen des Europarates,,1,Bundesbeschluss über die Genehmigung und die Umsetzung des Übereinkommens des Europarats zur Verhütung des Terrorismus mit dem dazugehörigen Zusatzprotokoll sowie über die Verstärkung des strafrechtlichen Instrumentariums gegen Terrorismus und organisierte Kriminalität,51,5105,Herbstsession 2020,Vote final
25264,21524,20180096,18.096,Für sauberes Trinkwasser und gesunde Nahrung - Keine Subventionen für den Pestizid- und den prophylaktischen Antibiotika-Einsatz. Volksinitiative,,1,Bundesbeschluss über die Volksinitiative «Für sauberes Trinkwasser und gesunde Nahrung – Keine Subventionen für den Pestizid- und den prophylaktischen Antibiotika-Einsatz»,51,5105,Herbstsession 2020,Vote final
25265,21525,20190021,19.021,Betäubungsmittelgesetz. Änderung,,1,"Bundesgesetz über die Betäubungsmittel und die psychotropen Stoffe (Betäubungsmittelgesetz, BetmG)",51,5105,Herbstsession 2020,Vote final
25266,21526,20190025,19.025,Für eine Schweiz ohne synthetische Pestizide. Volksinitiative,,1,Bundesbeschluss über die Volksinitiative «Für eine Schweiz ohne synthetische Pestizide»,51,5105,Herbstsession 2020,Vote final
25267,21527,20190032,19.032,Polizeiliche Massnahmen zur Bekämpfung von Terrorismus. Bundesgesetz,,1,Bundesgesetz über polizeiliche Massnahmen zur Bekämpfung von Terrorismus (PMT),51,5105,Herbstsession 2020,Vote final
25268,21528,20190048,19.048,Strafprozessordnung. Änderung,,2,"Schweizerische Strafprozessordnung (Strafprozessordnung, StPO) (Sicherheitshaft im selbstständigen, nachträglichen Verfahren) (Entwurf der RK-N vom 15.05.2020)",51,5105,Herbstsession 2020,Vote final
25269,21529,20190067,19.067,Vorläuferstoffgesetz,,1,"Bundesgesetz über Vorläuferstoffe für explosionsfähige Stoffe (Vorläuferstoffgesetz, VSG)",51,5105,Herbstsession 2020,Vote final
25270,21530,20190069,19.069,Rechte der Bürgerinnen und Bürger. Abkommen mit dem Vereinigten Königreich von Grossbritannien und Nordirland,,1,Bundesbeschluss über die Genehmigung und die Umsetzung des Abkommens zwischen der Schweizerischen Eidgenossenschaft und dem Vereinigten Königreich von Grossbritannien und Nordirland über die Rechte der Bürgerinnen und Bürger infolge des Austritts des Vereinigten Königreichs aus der Europäischen Union und des Wegfalls des Freizügigkeitsabkommens,51,5105,Herbstsession 2020,Vote final
25272,21532,20190072,19.072,Internationale Zusammenarbeit und Mobilität in der Bildung. Bundesgesetz. Totalrevision,,1,Bundesgesetz über die internationale Zusammenarbeit und Mobilität in der Bildung (BIZMB),51,5105,Herbstsession 2020,Vote final
25273,21533,20190074,19.074,Anpassung des Bundesrechts an Entwicklungen der Technik verteilter elektronischer Register. Bundesgesetz,,1,Bundesgesetz zur Anpassung des Bundesrechts an Entwicklungen der Technik verteilter elektronischer Register,51,5105,Herbstsession 2020,Vote final
25274,21534,20190077,19.077,Pauschale Vergütung der Mehrwertsteuer auf den Empfangsgebühren für Radio und Fernsehen. Bundesgesetz,,1,Bundesgesetz über die pauschale Vergütung der Mehrwertsteuer auf den Empfangsgebühren für Radio und Fernsehen,51,5105,Herbstsession 2020,Vote final
25275,21535,20200027,20.027,Weiterentwicklung des Schengen-Besitzstands. Europäisches Reiseinformations- und -genehmigungssystem (ETIAS),,1,Bundesbeschluss über die Genehmigung und die Umsetzung des Notenaustauschs zwischen der Schweiz und der EU betreffend die Übernahme der Verordnung (EU) 2018/1240 über das Europäische Reiseinformations- und  -genehmigungssystem (ETIAS) (Weiterentwicklung des Schengen-Besitzstands),51,5105,Herbstsession 2020,Vote final
25277,21537,20200028,20.028,"Förderung von Bildung, Forschung und Innovation in den Jahren 2021-2024",,12,"Bundesgesetz über die Förderung der Hochschulen und die Koordination im schweizerischen Hochschulbereich (Hochschulförderungs- und -koordinationsgesetz, HFKG)",51,5105,Herbstsession 2020,Vote final
25278,21538,20200028,20.028,"Förderung von Bildung, Forschung und Innovation in den Jahren 2021-2024",,13,Bundesgesetz über die Förderung der Forschung und der Innovation (FIFG),51,5105,Herbstsession 2020,Vote final
25279,21539,20200028,20.028,"Förderung von Bildung, Forschung und Innovation in den Jahren 2021-2024",,14,Bundesgesetz über die Meldepflicht und die Nachprüfung der Berufsqualifikationen von Dienstleistungserbringerinnen und -erbringern in reglementierten Berufen (BGMD),51,5105,Herbstsession 2020,Vote final
25280,21540,20200030,20.030,Förderung der Kultur in den Jahren 2021-2024,,1,"Bundesgesetz über die Kulturförderung (Kulturförderungsgesetz, KFG)",51,5105,Herbstsession 2020,Vote final
25281,21541,20200030,20.030,Förderung der Kultur in den Jahren 2021-2024,,3,"Bundesgesetz über den internationalen Kulturgütertransfer (Kulturgütertransfergesetz, KGTG)",51,5105,Herbstsession 2020,Vote final
25282,21542,20200030,20.030,Förderung der Kultur in den Jahren 2021-2024,,4,"Bundesgesetz über die Schweizerische Nationalbibliothek (Nationalbibliotheksgesetz, NBibG)",51,5105,Herbstsession 2020,Vote final
25283,21543,20200030,20.030,Förderung der Kultur in den Jahren 2021-2024,,5,"Bundesgesetz über die Landessprachen und die Verständigung zwischen den Sprachgemeinschaften (Sprachengesetz, SpG)",51,5105,Herbstsession 2020,Vote final
25284,21544,20200055,20.055,Dringliches Bundesgesetz über die Unterstützung des öffentlichen Verkehrs in der Covid-19-Krise,,1,Bundesgesetz über die Unterstützung des öffentlichen Verkehrs in der Covid-19-Krise,51,5105,Herbstsession 2020,Vote final
25285,21545,20200056,20.056,BVG. Anlage von Geldern aus dem Freizügigkeitsbereich der Auffangeinrichtung bei der Bundestresorerie,,1,"Bundesgesetz über die berufliche Alters-, Hinterlassenen- und Invalidenvorsorge (BVG)",51,5105,Herbstsession 2020,Vote final
25286,21546,20200057,20.057,AVIG. Zusatzfinanzierung der Arbeitslosenversicherung,,1,"Bundesgesetz über die obligatorische Arbeitslosenversicherung und die Insolvenzentschädigung (Arbeitslosenversicherungsgesetz, AVIG) (Zusatzfinanzierung Arbeitslosenversicherung)",51,5105,Herbstsession 2020,Vote final
25287,21547,20200058,20.058,Bundesgesetz über die gesetzlichen Grundlagen für Verordnungen des Bundesrates zur Bewältigung der Covid 19-Epidemie (Covid-19-Gesetz),,1,Bundesgesetz über die gesetzlichen Grundlagen für Verordnungen des Bundesrates zur Bewältigung der Covid-19-Epidemie (Covid-19-Gesetz),51,5105,Herbstsession 2020,Vote final
25316,21576,20190046,19.046,Bundesgesetz über die Krankenversicherung. Änderung (Massnahmen zur Kostendämpfung - Paket 1),,1,Bundesgesetz über die Krankenversicherung (KVG) (Massnahmen zur Kostendämpfung – Paket 1),51,5106,Sondersession Oktober 2020,Vote sur l'ensemble
25353,21613,20200075,20.075,COVID-19-Solidarbürgschaftsgesetz,,1,"Bundesgesetz über Kredite mit Solidarbürgschaft infolge des Coronavirus (Covid-19-Solidarbürgschaftsgesetz, Covid-19-SBüG)",51,5106,Sondersession Oktober 2020,Vote sur l'ensemble
25381,21641,20150438,15.438,Eine Regelung für transparentes Lobbying im eidgenössischen Parlament,Berberat,1,"Bundesgesetz über die Bundesversammlung (Parlamentsgesetz, ParlG) (Regelung für ein transparentes Lobbying im eidgenössischen Parlament)",51,5106,Sondersession Oktober 2020,Vote sur l'ensemble
25383,21643,20150438,15.438,Eine Regelung für transparentes Lobbying im eidgenössischen Parlament,Berberat,2,Verordnung der Bundesversammlung zum Parlamentsgesetz und über die Parlamentsverwaltung (Parlamentsverwaltungsverordnung; ParlVV) (Regelung für ein transparentes Lobbying im eidgenössischen Parlament),51,5106,Sondersession Oktober 2020,Vote sur l'ensemble
25384,21644,20150438,15.438,Eine Regelung für transparentes Lobbying im eidgenössischen Parlament,Berberat,3,Geschäftsreglement des Nationalrates (GRN) (Regelung für ein transparentes Lobbying im eidgenössischen Parlament) (Entwurf der SPk-N vom 03.07.2020),51,5106,Sondersession Oktober 2020,Vote sur l'ensemble
25451,21711,20200076,20.076,Covid-19-Geschäftsmietegesetz,,1,Bundesgesetz über den Miet- und den Pachtzins während Betriebsschliessungen und Einschränkungen zur Bekämpfung des Coronavirus (Covid-19) (Covid-19-Geschäftsmietegesetz),51,5107,Wintersession 2020,Gesamtabstimmung
25463,21723,20200481,20.481,Übergangsvoranschlag bis zur Verabschiedung des Voranschlags 2021 mit integriertem Aufgaben- und Finanzplan 2022-2024,FK-NR,1,Bundesbeschluss zu einem Übergangsvoranschlag bis zur Verabschiedung des Voranschlags 2021 mit integriertem Aufgaben- und Finanzplan 2022-2024,51,5107,Wintersession 2020,Gesamtabstimmung
25499,21759,20200084,20.084,Covid-19-Gesetz. Änderung,,1,"Bundesgesetz über die gesetzlichen Grundlagen für Verordnungen des Bundesrates zur Bewältigung der Covid-19-Epidemie (Covid-19-Gesetz) (Härtefälle, Sport, Arbeitslosenversicherung, Ordnungsbussen)",51,5107,Wintersession 2020,Gesamtabstimmung
25504,21764,20200003,20.003,Staatsrechnung 2019,,1,Bundesbeschluss I über die Eidgenössische Staatsrechnung für das Jahr 2019,51,5107,Wintersession 2020,Gesamtabstimmung
25505,21765,20200003,20.003,Staatsrechnung 2019,,2,Bundesbeschluss II über die Rechnung des Bahninfrastrukturfonds für das Jahr 2019,51,5107,Wintersession 2020,Gesamtabstimmung
25506,21766,20200003,20.003,Staatsrechnung 2019,,3,Bundesbeschluss III über die Rechnung des Nationalstrassen- und Agglomerationsverkehrsfonds für das Jahr 2019,51,5107,Wintersession 2020,Gesamtabstimmung
25508,21768,20200042,20.042,Voranschlag 2020. Nachtrag II,,6,Bundesbeschluss IV über den Nachtrag II zum Voranschlag 2020,51,5107,Wintersession 2020,Gesamtabstimmung
25526,21786,20200083,20.083,Assistenzdienst der Armee zugunsten der zivilen Behörden im Rahmen der Massnahmen zur Bekämpfung der zweiten Welle der Covid-19-Pandemie,,1,Bundesbeschluss über den Assistenzdienst der Armee zur Unterstützung des zivilen Gesundheitswesens im Rahmen der Massnahmen zur Bekämpfung der zweiten Welle der Covid-19-Epidemie,51,5107,Wintersession 2020,Gesamtabstimmung
25582,21842,20200041,20.041,Voranschlag 2021 mit integriertem Aufgaben- und Finanzplan 2022-2024,,1,Bundesbeschluss Ia über den Voranschlag für das Jahr 2021,51,5107,Wintersession 2020,Gesamtabstimmung
25583,21843,20200041,20.041,Voranschlag 2021 mit integriertem Aufgaben- und Finanzplan 2022-2024,,2,Bundesbeschluss Ib über die Planungsgrössen im Voranschlag für das Jahr 2021,51,5107,Wintersession 2020,Gesamtabstimmung
25584,21844,20200041,20.041,Voranschlag 2021 mit integriertem Aufgaben- und Finanzplan 2022-2024,,4,Bundesbeschluss III über die Entnahmen aus dem Bahninfrastrukturfonds für das Jahr 2021,51,5107,Wintersession 2020,Gesamtabstimmung
25585,21845,20200041,20.041,Voranschlag 2021 mit integriertem Aufgaben- und Finanzplan 2022-2024,,5,Bundesbeschluss IV über die Entnahmen aus dem Nationalstrassen- und Agglomerationsverkehrsfonds für das Jahr 2021,51,5107,Wintersession 2020,Gesamtabstimmung
25587,21847,20200050,20.050,Immobilienbotschaft EFD 2020,,1,Bundesbeschluss über die Immobilien des Eidgenössischen Finanzdepartements für das Jahr 2020,51,5107,Wintersession 2020,Gesamtabstimmung
25600,21860,20200483,20.483,"Nationalratsmitglieder, die wegen der Covid-19-Krise verhindert sind. Teilnahme an Abstimmungen in Abwesenheit",SPK-NR,1,"Bundesgesetz über die Bundesversammlung (Parlamentsgesetz, ParlG) (Covid 19: Teilnahme an Abstimmungen im Nationalrat; Unterbruch oder Verschiebung der Session)",51,5107,Wintersession 2020,Gesamtabstimmung
25603,21863,20200038,20.038,Massnahmenpaket zugunsten der Medien,,2,Bundesgesetz über ein Massnahmenpaket zugunsten der Medien (Abgabepflicht der Unternehmen) (Entwurf der KVF-N vom 09.11.2020),51,5107,Wintersession 2020,Gesamtabstimmung
25605,21865,20200025,20.025,Weiterentwicklung des Schengen-Besitzstands. Schengener Informationssystem (SIS),,2,"Bundesbeschluss über die Genehmigung und die Umsetzung der Notenaustausche zwischen der Schweiz und der EU betreffend die Übernahme der Rechtsgrundlagen über die Einrichtung, den Betrieb und die Nutzung des Schengener Informationssystems (SIS) (Weiterentwicklungen des Schengen-Besitzstands)",51,5107,Wintersession 2020,Gesamtabstimmung
25610,21870,20200072,20.072,Kantonswechsel der bernischen Gemeinde Clavaleyres,,1,Bundesbeschluss über die Genehmigung einer Gebietsveränderung zwischen den Kantonen Bern und Freiburg (Kantonswechsel der bernischen Gemeinde Clavaleyres),51,5107,Wintersession 2020,Gesamtabstimmung
25611,21871,20200459,20.459,Verlängerung der Übergangsregelung für Tabakprodukte im Lebensmittelgesetz,SGK-NR,1,"Bundesgesetz über Lebensmittel und Gebrauchsgegenstände (Lebensmittelgesetz, LMG) (Verlängerung der Übergangsregelung für Tabakprodukte)",51,5107,Wintersession 2020,Gesamtabstimmung
25637,21897,20190057,19.057,AHVG. Änderung (Systematische Verwendung der AHV-Nummer durch Behörden),,1,Bundesgesetz über die Alters- und Hinterlassenenversicherung (AHVG),51,5107,Wintersession 2020,Gesamtabstimmung
25638,21898,20200047,20.047,Soziale Sicherheit. Abkommen mit Bosnien und Herzegowina,,1,Bundesbeschluss über die Genehmigung des Abkommens zwischen der Schweiz und Bosnien und Herzegowina über soziale Sicherheit,51,5107,Wintersession 2020,Gesamtabstimmung
25642,21902,20200060,20.060,Betäubungsmittelgesetz. Änderung (Cannabisarzneimittel),,1,"Bundesgesetz über die Betäubungsmittel und die psychotropen Stoffe (Betäubungsmittelgesetz, BetmG)",51,5107,Wintersession 2020,Gesamtabstimmung
25678,21938,20150075,15.075,Bundesgesetz über Tabakprodukte,,2,"Bundesgesetz über Tabakprodukte und elektronische Zigaretten (Tabakproduktegesetz, TabPG)",51,5107,Wintersession 2020,Gesamtabstimmung
25711,21971,20200070,20.070,Weiterentwicklungen des Schengen-Besitzstands. Genehmigung und Umsetzung der Notenaustausche zwischen der Schweiz und der EU betreffend die Übernahme der Verordnungen (EU) 2019/817 und 2019/ 818 zur Errichtung eines Rahmens für die Interoperabilität zwischen EU-Informationssystemen,,1,Bundesbeschluss über die Genehmigung und die Umsetzung der Notenaustausche zwischen der Schweiz und der EU betreffend die Übernahme der Verordnungen (EU) 2019/817 und (EU) 2019/ 818 zur Errichtung eines Rahmens für die Interoperabilität zwischen EU-Informationssystemen (Weiterentwicklungen des Schengen-Besitzstands),51,5107,Wintersession 2020,Gesamtabstimmung
25761,22021,20190475,19.475,Das Risiko beim Einsatz von Pestiziden reduzieren,WAK-SR,1,"Bundesgesetz über die Verminderung der Risiken durch den Einsatz von Pestiziden (Änderung des Chemikaliengesetzes, des Landwirtschaftsgesetzes und des Gewässerschutzgesetzes)",51,5107,Wintersession 2020,Gesamtabstimmung
25763,22023,20200483,20.483,"Nationalratsmitglieder, die wegen der Covid-19-Krise verhindert sind. Teilnahme an Abstimmungen in Abwesenheit",SPK-NR,1,"Bundesgesetz über die Bundesversammlung (Parlamentsgesetz, ParlG) (Covid 19: Teilnahme an Abstimmungen im Nationalrat; Unterbruch oder Verschiebung der Session)",51,5107,Wintersession 2020,Schlussabstimmung
25820,22080,20200065,20.065,Doppelbesteuerung. Abkommen mit Kuwait,,NA,NA,51,5107,Wintersession 2020,Gesamtabstimmung
25821,22081,20200066,20.066,Doppelbesteuerung. Abkommen mit Bahrain,,NA,NA,51,5107,Wintersession 2020,Gesamtabstimmung
25840,22100,20200067,20.067,Administrative Erleichterungen und Entlastung des Bundeshaushalts. Bundesgesetz,,1,Bundesgesetz über administrative Erleichterungen und die Entlastung des Bundeshaushalts,51,5107,Wintersession 2020,Gesamtabstimmung
25847,22107,20190084,19.084,Rechtshilfe in Strafsachen. Abkommen mit Indonesien,,1,Bundesbeschluss über die Genehmigung des Vertrags zwischen der Schweiz und Indonesien über Rechtshilfe in Strafsachen,51,5107,Wintersession 2020,Gesamtabstimmung
25856,22116,20200052,20.052,Horizon-Paket 2021–2027,,1,Bundesbeschluss über die Finanzierung der Schweizer Beteiligung an den Massnahmen der Europäischen Union im Bereich Forschung und Innovation in den Jahren 2021–2027 (Bundesbeschluss zum Horizon-Paket 2021–2027),51,5107,Wintersession 2020,Gesamtabstimmung
25863,22123,20200074,20.074,Eventualverpflichtungen in der Wohnraumförderung 2021-2027. Rahmenkredit,,1,Bundesbeschluss über einen Rahmenkredit für Eventualverpflichtungen in der Wohnraumförderung für die Jahre 2021–2027,51,5107,Wintersession 2020,Gesamtabstimmung
25879,22139,20200053,20.053,Regionaler Personenverkehr. Verlängerung des Bürgschafts-Rahmenkredits,,1,Bundesbeschluss über eine Verlängerung des Bürgschafts-Rahmenkredits für die Beschaffung von Betriebsmitteln im regionalen Personenverkehr,51,5107,Wintersession 2020,Gesamtabstimmung
25923,22183,20130468,13.468,Ehe für alle,Fraktion GL,1,Schweizerisches Zivilgesetzbuch (Ehe für alle),51,5107,Wintersession 2020,Schlussabstimmung
25924,22184,20170028,17.028,Informationssicherheitsgesetz,,1,"Bundesgesetz über die Informationssicherheit (Informationssicherheitsgesetz, ISG)",51,5107,Wintersession 2020,Schlussabstimmung
25925,22185,20180069,18.069,ZGB. Änderung (Erbrecht),,1,Schweizerisches Zivilgesetzbuch (Erbrecht),51,5107,Wintersession 2020,Schlussabstimmung
25926,22186,20180092,18.092,Erwerbsersatzgesetz. Mutterschaftsentschädigung bei längerem Spitalaufenthalt des Neugeborenen,,1,"Bundesgesetz über den Erwerbsersatz für Dienstleistende und bei Mutterschaft (Erwerbsersatzgesetz, EOG)",51,5107,Wintersession 2020,Schlussabstimmung
25927,22187,20190045,19.045,Nationalstrassenabgabegesetz. Änderung,,1,"Bundesgesetz über die Abgabe für die Benützung von Nationalstrassen (Nationalstrassenabgabegesetz, NSAG)",51,5107,Wintersession 2020,Schlussabstimmung
25928,22188,20190057,19.057,AHVG. Änderung (Systematische Verwendung der AHV-Nummer durch Behörden),,1,Bundesgesetz über die Alters- und Hinterlassenenversicherung (AHVG),51,5107,Wintersession 2020,Schlussabstimmung
25929,22189,20190063,19.063,Rechtshilfegesetz. Änderung von Artikel 1,,1,"Bundesgesetz über internationale Rechtshilfe in Strafsachen (Rechtshilfegesetz, IRSG)",51,5107,Wintersession 2020,Schlussabstimmung
25930,22190,20190081,19.081,ZGB. Änderung des Geschlechts im Personenstandsregister,,1,Schweizerisches Zivilgesetzbuch (Änderung des Geschlechts im Personenstandsregister),51,5107,Wintersession 2020,Schlussabstimmung
25931,22191,20200005,20.005,Bearbeitung von Personendaten durch das EDA. Bundesgesetz,,1,Bundesgesetz über die Bearbeitung von Personendaten durch das Eidgenössische Departement für auswärtige Angelegenheiten,51,5107,Wintersession 2020,Schlussabstimmung
25932,22192,20200025,20.025,Weiterentwicklung des Schengen-Besitzstands. Schengener Informationssystem (SIS),,1,Bundesgesetz über das Informationssystem für den Ausländer- und den Asylbereich (BGIAA),51,5107,Wintersession 2020,Schlussabstimmung
25933,22193,20200025,20.025,Weiterentwicklung des Schengen-Besitzstands. Schengener Informationssystem (SIS),,2,"Bundesbeschluss über die Genehmigung und die Umsetzung der Notenaustausche zwischen der Schweiz und der EU betreffend die Übernahme der Rechtsgrundlagen über die Einrichtung, den Betrieb und die Nutzung des Schengener Informationssystems (SIS) (Weiterentwicklungen des Schengen-Besitzstands)",51,5107,Wintersession 2020,Schlussabstimmung
25934,22194,20200038,20.038,Massnahmenpaket zugunsten der Medien,,2,Bundesgesetz über ein Massnahmenpaket zugunsten der Medien (Abgabepflicht der Unternehmen) (Entwurf der KVF-N vom 09.11.2020),51,5107,Wintersession 2020,Schlussabstimmung
25935,22195,20200046,20.046,KVG. Vergütung des Pflegematerials,,1,Bundesgesetz über die Krankenversicherung (KVG) (Vergütung des Pflegematerials),51,5107,Wintersession 2020,Schlussabstimmung
25936,22196,20200054,20.054,Luftfahrtgesetz. Änderung,,1,Bundesbeschluss über die Genehmigung und die Umsetzung des Protokolls zur Änderung des Abkommens über strafbare und bestimmte andere an Bord von Luftfahrzeugen begangene Handlungen (Abkommen von Tokio) (Änderung des Luftfahrtgesetzes),51,5107,Wintersession 2020,Schlussabstimmung
25937,22197,20200072,20.072,Kantonswechsel der bernischen Gemeinde Clavaleyres,,1,Bundesbeschluss über die Genehmigung einer Gebietsveränderung zwischen den Kantonen Bern und Freiburg (Kantonswechsel der bernischen Gemeinde Clavaleyres),51,5107,Wintersession 2020,Schlussabstimmung
25938,22198,20200075,20.075,COVID-19-Solidarbürgschaftsgesetz,,1,"Bundesgesetz über Kredite mit Solidarbürgschaft infolge des Coronavirus (Covid-19-Solidarbürgschaftsgesetz, Covid-19-SBüG)",51,5107,Wintersession 2020,Schlussabstimmung
25939,22199,20200084,20.084,Covid-19-Gesetz. Änderung,,1,"Bundesgesetz über die gesetzlichen Grundlagen für Verordnungen des Bundesrates zur Bewältigung der Covid-19-Epidemie (Covid-19-Gesetz) (Härtefälle, Sport, Arbeitslosenversicherung, Ordnungsbussen)",51,5107,Wintersession 2020,Schlussabstimmung
25940,22200,20200459,20.459,Verlängerung der Übergangsregelung für Tabakprodukte im Lebensmittelgesetz,SGK-NR,1,"Bundesgesetz über Lebensmittel und Gebrauchsgegenstände (Lebensmittelgesetz, LMG) (Verlängerung der Übergangsregelung für Tabakprodukte)",51,5107,Wintersession 2020,Schlussabstimmung
